customer_id,first_name,last_name,city,state,country,signup_date
1,Priya,Chopra,Kolkata,West Bengal,India,2024-02-18
2,Pooja,Bansal,Nagpur,Maharashtra,India,2023-02-10
3,Priya,Mehta,Kolkata,West Bengal,India,2023-09-25
4,Vikas,Kapoor,Coimbatore,Tamil Nadu,India,2024-02-10
5,Simran,Agarwal,Mysore,Karnataka,India,2025-02-08
6,Priya,Sharma,Bhubaneswar,Odisha,India,2024-09-28
7,Sneha,Verma,Kolkata,West Bengal,India,2024-06-02
8,Rohit,Patel,Jaipur,Rajasthan,India,2025-06-19
9,Riya,Singh,Chennai,Tamil Nadu,India,2024-03-24
10,Simran,Bansal,Patna,Bihar,India,2024-11-14
11,Simran,Chopra,Patna,Bihar,India,2025-06-18
12,Karan,Verma,Bangalore,Karnataka,India,2025-01-30
13,Rohit,Singh,Amritsar,Punjab,India,2024-09-11
14,Vikas,Kapoor,Coimbatore,Tamil Nadu,India,2024-06-01
15,Karan,Sharma,Gurgaon,Haryana,India,2024-10-11
16,Karan,Sharma,Ahmedabad,Gujarat,India,2023-12-08
17,Rohit,Chopra,Indore,Madhya Pradesh,India,2023-06-15
18,Manish,Jain,Kochi,Kerala,India,2024-07-28
19,Sneha,Verma,New Delhi,Delhi,India,2024-07-12
20,Riya,Bansal,New Delhi,Delhi,India,2024-03-16
21,Rahul,Singh,Mysore,Karnataka,India,2025-03-26
22,Rahul,Patel,Patna,Bihar,India,2024-11-29
23,Sneha,Patel,Coimbatore,Tamil Nadu,India,2024-09-27
24,Rohit,Kapoor,Kochi,Kerala,India,2025-03-30
25,Neha,Mehta,Indore,Madhya Pradesh,India,2023-07-03
26,Vikas,Mehta,Kochi,Kerala,India,2023-10-01
27,Sneha,Mehta,Bangalore,Karnataka,India,2025-05-29
28,Pooja,Kapoor,Faridabad,Haryana,India,2023-12-25
29,Pooja,Kapoor,Jaipur,Rajasthan,India,2024-11-06
30,Arjun,Patel,Coimbatore,Tamil Nadu,India,2025-06-04
31,Karan,Patel,Nagpur,Maharashtra,India,2024-06-05
32,Vikas,Sharma,Ahmedabad,Gujarat,India,2025-06-17
33,Neha,Bansal,Udaipur,Rajasthan,India,2023-02-09
34,Kavya,Patel,Nagpur,Maharashtra,India,2025-03-16
35,Kavya,Bansal,Lucknow,Uttar Pradesh,India,2024-01-30
36,Ankit,Singh,Bhubaneswar,Odisha,India,2024-12-26
37,Amit,Jain,Ahmedabad,Gujarat,India,2024-01-08
38,Priya,Chopra,Surat,Gujarat,India,2024-09-30
39,Sneha,Saxena,Noida,Uttar Pradesh,India,2024-06-03
40,Kavya,Patel,Udaipur,Rajasthan,India,2024-12-14
41,Rohit,Kapoor,Udaipur,Rajasthan,India,2024-11-11
42,Neha,Bansal,Surat,Gujarat,India,2024-02-20
43,Amit,Singh,Amritsar,Punjab,India,2023-08-04
44,Vikas,Agarwal,Surat,Gujarat,India,2024-03-28
45,Ankit,Jain,Hyderabad,Telangana,India,2025-03-23
46,Neha,Chopra,Bhubaneswar,Odisha,India,2023-10-18
47,Vikas,Verma,Ludhiana,Punjab,India,2024-11-19
48,Pooja,Kapoor,Jaipur,Rajasthan,India,2023-01-26
49,Pooja,Agarwal,New Delhi,Delhi,India,2024-04-11
50,Ankit,Saxena,Surat,Gujarat,India,2024-05-21
51,Pooja,Gupta,Ahmedabad,Gujarat,India,2025-02-07
52,Sneha,Mehta,Patna,Bihar,India,2023-06-30
53,Manish,Sharma,Indore,Madhya Pradesh,India,2025-05-18
54,Manish,Gupta,Pune,Maharashtra,India,2024-11-14
55,Vikas,Agarwal,Amritsar,Punjab,India,2025-04-30
56,Manish,Gupta,Bhubaneswar,Odisha,India,2024-04-05
57,Pooja,Chopra,Udaipur,Rajasthan,India,2025-02-23
58,Nikita,Chopra,Indore,Madhya Pradesh,India,2023-10-09
59,Priya,Saxena,Faridabad,Haryana,India,2023-08-29
60,Vikas,Patel,Jaipur,Rajasthan,India,2023-05-22
61,Pooja,Mehta,Bangalore,Karnataka,India,2024-12-24
62,Priya,Mehta,Coimbatore,Tamil Nadu,India,2023-12-05
63,Manish,Mehta,Ludhiana,Punjab,India,2023-07-31
64,Kavya,Mehta,Patna,Bihar,India,2025-05-27
65,Arjun,Agarwal,Bhubaneswar,Odisha,India,2023-12-27
66,Arjun,Mehta,Jaipur,Rajasthan,India,2024-05-14
67,Karan,Mehta,Coimbatore,Tamil Nadu,India,2023-01-30
68,Vikas,Chopra,Surat,Gujarat,India,2025-01-11
69,Manish,Gupta,Bangalore,Karnataka,India,2024-02-08
70,Amit,Verma,Kolkata,West Bengal,India,2023-05-19
71,Manish,Gupta,Patna,Bihar,India,2023-09-24
72,Vikas,Kapoor,Surat,Gujarat,India,2023-12-01
73,Arjun,Singh,Noida,Uttar Pradesh,India,2023-09-16
74,Priya,Agarwal,Patna,Bihar,India,2025-02-06
75,Rahul,Patel,Ludhiana,Punjab,India,2024-10-27
76,Rahul,Sharma,Mumbai,Maharashtra,India,2023-07-24
77,Amit,Bansal,Patna,Bihar,India,2023-09-02
78,Nikita,Chopra,Bangalore,Karnataka,India,2024-07-31
79,Manish,Saxena,Coimbatore,Tamil Nadu,India,2025-02-24
80,Neha,Bansal,Lucknow,Uttar Pradesh,India,2025-03-07
81,Neha,Singh,Patna,Bihar,India,2024-08-15
82,Simran,Bansal,New Delhi,Delhi,India,2024-02-11
83,Ankit,Verma,Kochi,Kerala,India,2023-04-15
84,Simran,Chopra,Kochi,Kerala,India,2025-03-26
85,Rahul,Patel,Kolkata,West Bengal,India,2024-11-08
86,Priya,Jain,Noida,Uttar Pradesh,India,2023-01-13
87,Kavya,Agarwal,Patna,Bihar,India,2024-03-19
88,Manish,Saxena,Lucknow,Uttar Pradesh,India,2024-03-21
89,Karan,Bansal,Mysore,Karnataka,India,2024-04-21
90,Karan,Patel,Ahmedabad,Gujarat,India,2025-04-30
91,Priya,Singh,Bhubaneswar,Odisha,India,2023-09-07
92,Manish,Bansal,Indore,Madhya Pradesh,India,2023-12-11
93,Nikita,Patel,New Delhi,Delhi,India,2024-05-14
94,Riya,Singh,Coimbatore,Tamil Nadu,India,2023-10-14
95,Karan,Jain,Bhubaneswar,Odisha,India,2024-06-13
96,Priya,Kapoor,Coimbatore,Tamil Nadu,India,2024-05-15
97,Pooja,Saxena,Amritsar,Punjab,India,2024-10-23
98,Nikita,Agarwal,Kochi,Kerala,India,2023-04-06
99,Pooja,Mehta,Jaipur,Rajasthan,India,2023-11-10
100,Riya,Agarwal,Hyderabad,Telangana,India,2024-03-11
101,Vikas,Patel,Kochi,Kerala,India,2023-10-05
102,Karan,Kapoor,Jaipur,Rajasthan,India,2025-01-08
103,Vikas,Verma,Chennai,Tamil Nadu,India,2023-07-16
104,Nikita,Singh,Coimbatore,Tamil Nadu,India,2023-04-13
105,Ankit,Singh,Patna,Bihar,India,2024-01-05
106,Simran,Sharma,Bangalore,Karnataka,India,2023-10-08
107,Rahul,Jain,New Delhi,Delhi,India,2024-12-15
108,Nikita,Verma,Bangalore,Karnataka,India,2024-08-10
109,Nikita,Agarwal,Udaipur,Rajasthan,India,2023-12-15
110,Rahul,Singh,Mysore,Karnataka,India,2023-04-27
111,Priya,Mehta,Patna,Bihar,India,2023-03-17
112,Rahul,Gupta,Kolkata,West Bengal,India,2025-04-10
113,Simran,Verma,Kolkata,West Bengal,India,2023-05-02
114,Kavya,Bansal,Ludhiana,Punjab,India,2025-03-05
115,Arjun,Agarwal,Amritsar,Punjab,India,2023-11-01
116,Kavya,Singh,Patna,Bihar,India,2024-09-16
117,Sneha,Kapoor,Kochi,Kerala,India,2023-09-28
118,Priya,Gupta,Hyderabad,Telangana,India,2023-06-27
119,Priya,Gupta,Ludhiana,Punjab,India,2024-02-23
120,Nikita,Singh,Gurgaon,Haryana,India,2023-08-26
121,Simran,Saxena,Udaipur,Rajasthan,India,2023-03-14
122,Pooja,Singh,Hyderabad,Telangana,India,2024-03-11
123,Pooja,Chopra,Mumbai,Maharashtra,India,2023-09-30
124,Rohit,Verma,Patna,Bihar,India,2023-06-19
125,Simran,Bansal,Indore,Madhya Pradesh,India,2024-03-25
126,Manish,Saxena,Pune,Maharashtra,India,2024-12-17
127,Karan,Jain,Surat,Gujarat,India,2024-03-24
128,Rahul,Mehta,Nagpur,Maharashtra,India,2023-11-27
129,Karan,Sharma,Kolkata,West Bengal,India,2023-08-23
130,Amit,Chopra,Hyderabad,Telangana,India,2024-08-13
131,Neha,Agarwal,New Delhi,Delhi,India,2023-10-12
132,Kavya,Chopra,Mysore,Karnataka,India,2023-04-04
133,Riya,Mehta,Faridabad,Haryana,India,2023-11-25
134,Sneha,Gupta,Hyderabad,Telangana,India,2024-02-26
135,Nikita,Singh,Kochi,Kerala,India,2025-04-13
136,Rahul,Agarwal,Indore,Madhya Pradesh,India,2023-11-19
137,Vikas,Verma,Udaipur,Rajasthan,India,2025-06-04
138,Amit,Chopra,Amritsar,Punjab,India,2024-02-28
139,Ankit,Jain,New Delhi,Delhi,India,2024-09-29
140,Nikita,Chopra,Indore,Madhya Pradesh,India,2025-02-17
141,Ankit,Singh,New Delhi,Delhi,India,2023-10-22
142,Nikita,Verma,Gurgaon,Haryana,India,2024-10-07
143,Pooja,Saxena,Kolkata,West Bengal,India,2023-11-15
144,Amit,Jain,Amritsar,Punjab,India,2023-04-06
145,Sneha,Agarwal,Chennai,Tamil Nadu,India,2024-10-25
146,Rohit,Agarwal,Patna,Bihar,India,2024-06-05
147,Karan,Mehta,Kochi,Kerala,India,2024-04-28
148,Manish,Jain,Chennai,Tamil Nadu,India,2024-01-28
149,Rohit,Verma,Coimbatore,Tamil Nadu,India,2025-03-02
150,Kavya,Patel,Indore,Madhya Pradesh,India,2025-04-20
151,Simran,Saxena,New Delhi,Delhi,India,2025-05-07
152,Nikita,Gupta,Kolkata,West Bengal,India,2024-07-05
153,Riya,Patel,Faridabad,Haryana,India,2024-04-11
154,Vikas,Kapoor,Bhubaneswar,Odisha,India,2024-08-08
155,Pooja,Mehta,Ahmedabad,Gujarat,India,2023-11-22
156,Nikita,Saxena,Kochi,Kerala,India,2024-01-31
157,Rohit,Agarwal,Hyderabad,Telangana,India,2023-05-10
158,Vikas,Verma,Amritsar,Punjab,India,2023-04-13
159,Manish,Sharma,Ludhiana,Punjab,India,2024-02-24
160,Rohit,Verma,Patna,Bihar,India,2025-03-11
161,Vikas,Bansal,Udaipur,Rajasthan,India,2024-10-27
162,Vikas,Chopra,Nagpur,Maharashtra,India,2024-01-25
163,Nikita,Jain,Lucknow,Uttar Pradesh,India,2024-09-24
164,Pooja,Chopra,Nagpur,Maharashtra,India,2023-10-22
165,Priya,Mehta,Chennai,Tamil Nadu,India,2025-02-17
166,Sneha,Agarwal,Hyderabad,Telangana,India,2024-12-11
167,Amit,Sharma,Udaipur,Rajasthan,India,2025-03-26
168,Simran,Patel,New Delhi,Delhi,India,2024-03-17
169,Pooja,Jain,Mysore,Karnataka,India,2024-08-02
170,Neha,Gupta,Hyderabad,Telangana,India,2023-03-22
171,Arjun,Bansal,Kolkata,West Bengal,India,2024-05-24
172,Rohit,Kapoor,Bhubaneswar,Odisha,India,2024-10-15
173,Manish,Singh,Jaipur,Rajasthan,India,2025-04-03
174,Simran,Chopra,Gurgaon,Haryana,India,2023-03-17
175,Riya,Bansal,Faridabad,Haryana,India,2024-10-16
176,Karan,Agarwal,Surat,Gujarat,India,2023-07-23
177,Nikita,Verma,Ahmedabad,Gujarat,India,2024-01-26
178,Riya,Bansal,Kolkata,West Bengal,India,2024-12-17
179,Amit,Chopra,Udaipur,Rajasthan,India,2023-10-09
180,Rahul,Bansal,New Delhi,Delhi,India,2025-05-02
181,Simran,Kapoor,Bhubaneswar,Odisha,India,2023-08-13
182,Ankit,Bansal,Hyderabad,Telangana,India,2024-11-25
183,Rohit,Chopra,Indore,Madhya Pradesh,India,2024-10-04
184,Rahul,Singh,Hyderabad,Telangana,India,2023-02-04
185,Riya,Saxena,Kolkata,West Bengal,India,2023-04-03
186,Simran,Patel,Bhubaneswar,Odisha,India,2023-06-29
187,Rohit,Jain,Coimbatore,Tamil Nadu,India,2024-06-27
188,Karan,Gupta,Amritsar,Punjab,India,2025-04-24
189,Simran,Saxena,Faridabad,Haryana,India,2025-04-03
190,Manish,Verma,Mumbai,Maharashtra,India,2025-02-11
191,Arjun,Jain,Coimbatore,Tamil Nadu,India,2023-04-03
192,Arjun,Sharma,Indore,Madhya Pradesh,India,2024-07-03
193,Manish,Patel,Nagpur,Maharashtra,India,2025-02-05
194,Karan,Bansal,Hyderabad,Telangana,India,2025-04-22
195,Riya,Verma,Hyderabad,Telangana,India,2024-04-27
196,Vikas,Bansal,New Delhi,Delhi,India,2024-10-25
197,Manish,Saxena,Pune,Maharashtra,India,2024-10-26
198,Sneha,Gupta,Ahmedabad,Gujarat,India,2023-02-08
199,Nikita,Verma,Jaipur,Rajasthan,India,2023-08-29
200,Rohit,Mehta,Bhubaneswar,Odisha,India,2024-01-15
201,Kavya,Bansal,Hyderabad,Telangana,India,2024-02-29
202,Sneha,Agarwal,Hyderabad,Telangana,India,2023-10-14
203,Riya,Kapoor,New Delhi,Delhi,India,2024-03-31
204,Riya,Verma,Coimbatore,Tamil Nadu,India,2024-07-11
205,Riya,Sharma,Bhubaneswar,Odisha,India,2023-10-10
206,Sneha,Agarwal,Chennai,Tamil Nadu,India,2024-11-09
207,Amit,Sharma,Coimbatore,Tamil Nadu,India,2023-09-07
208,Ankit,Verma,Bangalore,Karnataka,India,2024-08-23
209,Pooja,Patel,Chennai,Tamil Nadu,India,2025-03-18
210,Amit,Singh,Bhubaneswar,Odisha,India,2023-05-14
211,Karan,Gupta,Ludhiana,Punjab,India,2024-11-07
212,Amit,Gupta,Patna,Bihar,India,2024-01-02
213,Pooja,Bansal,Indore,Madhya Pradesh,India,2023-01-17
214,Karan,Sharma,Bangalore,Karnataka,India,2025-01-29
215,Sneha,Saxena,Ahmedabad,Gujarat,India,2024-05-02
216,Riya,Jain,Gurgaon,Haryana,India,2024-04-07
217,Pooja,Bansal,Ludhiana,Punjab,India,2025-01-14
218,Simran,Agarwal,Indore,Madhya Pradesh,India,2023-03-04
219,Arjun,Mehta,Gurgaon,Haryana,India,2024-05-17
220,Manish,Verma,Kochi,Kerala,India,2023-11-26
221,Rohit,Verma,Kolkata,West Bengal,India,2023-10-09
222,Vikas,Mehta,Kolkata,West Bengal,India,2024-04-09
223,Kavya,Verma,Ludhiana,Punjab,India,2025-05-23
224,Ankit,Mehta,Hyderabad,Telangana,India,2023-08-22
225,Vikas,Agarwal,Surat,Gujarat,India,2024-03-01
226,Sneha,Patel,Kochi,Kerala,India,2023-11-17
227,Karan,Patel,Hyderabad,Telangana,India,2024-12-04
228,Nikita,Verma,Bhubaneswar,Odisha,India,2025-05-01
229,Priya,Mehta,Mumbai,Maharashtra,India,2025-02-01
230,Riya,Gupta,Kochi,Kerala,India,2024-08-23
231,Vikas,Chopra,Ludhiana,Punjab,India,2024-02-25
232,Kavya,Saxena,Lucknow,Uttar Pradesh,India,2023-10-22
233,Simran,Patel,Kolkata,West Bengal,India,2024-08-14
234,Ankit,Gupta,Amritsar,Punjab,India,2023-08-18
235,Sneha,Patel,Patna,Bihar,India,2023-04-28
236,Karan,Bansal,Indore,Madhya Pradesh,India,2025-04-06
237,Amit,Bansal,Surat,Gujarat,India,2023-01-30
238,Karan,Saxena,Mysore,Karnataka,India,2023-12-14
239,Amit,Gupta,Lucknow,Uttar Pradesh,India,2024-08-02
240,Arjun,Verma,Hyderabad,Telangana,India,2025-01-28
241,Amit,Verma,Hyderabad,Telangana,India,2024-01-21
242,Manish,Patel,Ahmedabad,Gujarat,India,2024-01-14
243,Vikas,Bansal,Jaipur,Rajasthan,India,2023-02-23
244,Neha,Bansal,Bangalore,Karnataka,India,2024-11-21
245,Karan,Agarwal,Nagpur,Maharashtra,India,2024-03-10
246,Manish,Mehta,Faridabad,Haryana,India,2023-08-09
247,Sneha,Patel,Indore,Madhya Pradesh,India,2023-04-24
248,Nikita,Jain,Udaipur,Rajasthan,India,2023-02-16
249,Arjun,Bansal,Chennai,Tamil Nadu,India,2023-01-08
250,Simran,Kapoor,Chennai,Tamil Nadu,India,2025-02-21
251,Simran,Patel,Jaipur,Rajasthan,India,2023-01-08
252,Kavya,Gupta,Gurgaon,Haryana,India,2024-01-25
253,Pooja,Jain,Amritsar,Punjab,India,2023-03-15
254,Rahul,Mehta,Ahmedabad,Gujarat,India,2024-04-15
255,Priya,Patel,Bhubaneswar,Odisha,India,2024-08-10
256,Kavya,Singh,Ahmedabad,Gujarat,India,2024-02-19
257,Vikas,Gupta,New Delhi,Delhi,India,2025-05-01
258,Riya,Verma,Kochi,Kerala,India,2025-05-14
259,Pooja,Mehta,Nagpur,Maharashtra,India,2024-02-15
260,Priya,Mehta,Amritsar,Punjab,India,2025-02-02
261,Pooja,Patel,Lucknow,Uttar Pradesh,India,2023-03-20
262,Sneha,Jain,Ludhiana,Punjab,India,2025-03-05
263,Riya,Saxena,Lucknow,Uttar Pradesh,India,2023-08-30
264,Rohit,Singh,Mumbai,Maharashtra,India,2023-06-27
265,Rohit,Chopra,Kolkata,West Bengal,India,2023-07-01
266,Nikita,Agarwal,Indore,Madhya Pradesh,India,2024-11-28
267,Vikas,Chopra,Bhubaneswar,Odisha,India,2023-06-04
268,Priya,Agarwal,Faridabad,Haryana,India,2024-10-08
269,Karan,Bansal,Jaipur,Rajasthan,India,2023-12-27
270,Priya,Singh,Amritsar,Punjab,India,2024-04-07
271,Rahul,Patel,New Delhi,Delhi,India,2023-03-20
272,Priya,Bansal,Hyderabad,Telangana,India,2024-04-18
273,Rahul,Agarwal,Kolkata,West Bengal,India,2023-11-26
274,Nikita,Jain,Kolkata,West Bengal,India,2023-03-05
275,Sneha,Patel,Gurgaon,Haryana,India,2024-05-31
276,Neha,Sharma,Hyderabad,Telangana,India,2024-12-25
277,Manish,Jain,Gurgaon,Haryana,India,2024-01-08
278,Simran,Mehta,Noida,Uttar Pradesh,India,2025-03-04
279,Rahul,Chopra,Noida,Uttar Pradesh,India,2023-03-09
280,Sneha,Jain,Noida,Uttar Pradesh,India,2023-10-18
281,Rohit,Patel,Jaipur,Rajasthan,India,2024-08-19
282,Rohit,Patel,Hyderabad,Telangana,India,2024-11-02
283,Arjun,Gupta,Kochi,Kerala,India,2023-11-14
284,Arjun,Chopra,Amritsar,Punjab,India,2025-04-12
285,Priya,Chopra,Mysore,Karnataka,India,2024-06-04
286,Amit,Patel,Noida,Uttar Pradesh,India,2023-07-04
287,Vikas,Agarwal,Chennai,Tamil Nadu,India,2023-08-20
288,Rohit,Verma,Mysore,Karnataka,India,2025-05-14
289,Sneha,Jain,Indore,Madhya Pradesh,India,2024-11-08
290,Rohit,Bansal,Noida,Uttar Pradesh,India,2023-06-07
291,Neha,Saxena,Bangalore,Karnataka,India,2025-01-08
292,Rahul,Mehta,Faridabad,Haryana,India,2024-11-23
293,Pooja,Agarwal,Kochi,Kerala,India,2025-02-09
294,Manish,Kapoor,Kochi,Kerala,India,2023-11-13
295,Nikita,Kapoor,Indore,Madhya Pradesh,India,2024-11-25
296,Manish,Agarwal,Kolkata,West Bengal,India,2025-03-07
297,Kavya,Gupta,Ahmedabad,Gujarat,India,2025-03-31
298,Rohit,Singh,Kolkata,West Bengal,India,2024-10-18
299,Riya,Jain,Gurgaon,Haryana,India,2024-12-29
300,Sneha,Singh,Patna,Bihar,India,2025-02-20
301,Karan,Agarwal,Bangalore,Karnataka,India,2025-04-30
302,Priya,Kapoor,Surat,Gujarat,India,2023-12-24
303,Amit,Mehta,Bhubaneswar,Odisha,India,2024-02-10
304,Riya,Kapoor,Amritsar,Punjab,India,2023-03-25
305,Pooja,Sharma,Noida,Uttar Pradesh,India,2023-04-12
306,Vikas,Gupta,Patna,Bihar,India,2023-02-09
307,Nikita,Saxena,Jaipur,Rajasthan,India,2025-02-16
308,Nikita,Agarwal,Kochi,Kerala,India,2023-03-23
309,Karan,Kapoor,New Delhi,Delhi,India,2024-07-15
310,Kavya,Verma,Kochi,Kerala,India,2023-09-01
311,Sneha,Sharma,Jaipur,Rajasthan,India,2024-03-05
312,Manish,Verma,Hyderabad,Telangana,India,2025-05-06
313,Nikita,Bansal,Bhubaneswar,Odisha,India,2024-10-09
314,Pooja,Saxena,Ludhiana,Punjab,India,2023-10-26
315,Amit,Bansal,Surat,Gujarat,India,2023-09-04
316,Kavya,Gupta,Kolkata,West Bengal,India,2024-06-20
317,Priya,Jain,Lucknow,Uttar Pradesh,India,2024-02-04
318,Nikita,Sharma,Patna,Bihar,India,2024-01-18
319,Amit,Patel,Jaipur,Rajasthan,India,2023-12-20
320,Sneha,Bansal,Coimbatore,Tamil Nadu,India,2023-05-17
321,Riya,Jain,New Delhi,Delhi,India,2025-04-13
322,Neha,Chopra,Hyderabad,Telangana,India,2024-12-13
323,Neha,Gupta,Gurgaon,Haryana,India,2025-01-03
324,Manish,Sharma,Indore,Madhya Pradesh,India,2023-07-26
325,Ankit,Sharma,New Delhi,Delhi,India,2023-11-14
326,Arjun,Jain,Amritsar,Punjab,India,2023-09-17
327,Ankit,Singh,New Delhi,Delhi,India,2025-06-01
328,Rahul,Chopra,Indore,Madhya Pradesh,India,2023-10-07
329,Riya,Mehta,Pune,Maharashtra,India,2025-01-31
330,Arjun,Patel,Gurgaon,Haryana,India,2024-05-23
331,Nikita,Patel,Kochi,Kerala,India,2025-03-31
332,Kavya,Verma,Pune,Maharashtra,India,2024-09-08
333,Neha,Jain,Patna,Bihar,India,2023-11-25
334,Priya,Patel,Nagpur,Maharashtra,India,2023-10-30
335,Manish,Bansal,Udaipur,Rajasthan,India,2023-06-20
336,Manish,Patel,Kochi,Kerala,India,2023-02-13
337,Riya,Bansal,Kochi,Kerala,India,2023-10-09
338,Rahul,Verma,Hyderabad,Telangana,India,2024-01-08
339,Neha,Sharma,Ludhiana,Punjab,India,2025-05-19
340,Manish,Sharma,Kolkata,West Bengal,India,2023-03-10
341,Riya,Patel,Coimbatore,Tamil Nadu,India,2024-08-03
342,Rohit,Chopra,New Delhi,Delhi,India,2024-01-15
343,Manish,Verma,Lucknow,Uttar Pradesh,India,2024-06-26
344,Arjun,Patel,Noida,Uttar Pradesh,India,2023-09-13
345,Amit,Saxena,Mumbai,Maharashtra,India,2024-05-26
346,Arjun,Jain,Ludhiana,Punjab,India,2023-09-26
347,Karan,Saxena,Indore,Madhya Pradesh,India,2023-08-08
348,Simran,Saxena,Kolkata,West Bengal,India,2023-07-24
349,Rohit,Verma,Pune,Maharashtra,India,2023-06-26
350,Manish,Verma,Bhubaneswar,Odisha,India,2024-11-14
351,Priya,Jain,Noida,Uttar Pradesh,India,2023-11-04
352,Neha,Saxena,Patna,Bihar,India,2025-03-23
353,Pooja,Verma,Lucknow,Uttar Pradesh,India,2025-03-22
354,Pooja,Agarwal,Bangalore,Karnataka,India,2024-01-05
355,Riya,Agarwal,Ludhiana,Punjab,India,2024-09-18
356,Priya,Verma,Bhubaneswar,Odisha,India,2024-02-12
357,Nikita,Jain,Kochi,Kerala,India,2025-02-26
358,Priya,Gupta,Surat,Gujarat,India,2024-10-19
359,Manish,Agarwal,Nagpur,Maharashtra,India,2024-06-13
360,Rohit,Jain,Lucknow,Uttar Pradesh,India,2025-02-25
361,Kavya,Jain,Bangalore,Karnataka,India,2025-05-01
362,Rohit,Singh,Mumbai,Maharashtra,India,2023-06-15
363,Pooja,Patel,Noida,Uttar Pradesh,India,2025-05-16
364,Karan,Kapoor,Nagpur,Maharashtra,India,2024-07-18
365,Rohit,Chopra,Udaipur,Rajasthan,India,2024-09-21
366,Priya,Jain,Ludhiana,Punjab,India,2024-08-29
367,Rohit,Gupta,Kolkata,West Bengal,India,2025-05-12
368,Rahul,Sharma,Bhubaneswar,Odisha,India,2023-02-16
369,Karan,Chopra,Hyderabad,Telangana,India,2025-02-24
370,Kavya,Bansal,Kolkata,West Bengal,India,2024-05-24
371,Simran,Chopra,Bhubaneswar,Odisha,India,2024-05-09
372,Arjun,Singh,Coimbatore,Tamil Nadu,India,2023-03-16
373,Rahul,Gupta,Kochi,Kerala,India,2024-03-01
374,Manish,Kapoor,Faridabad,Haryana,India,2024-09-13
375,Vikas,Saxena,Mysore,Karnataka,India,2025-01-21
376,Riya,Mehta,Patna,Bihar,India,2025-02-17
377,Sneha,Patel,Lucknow,Uttar Pradesh,India,2024-04-22
378,Karan,Agarwal,Mumbai,Maharashtra,India,2023-05-25
379,Rahul,Singh,Pune,Maharashtra,India,2025-06-03
380,Kavya,Kapoor,Kolkata,West Bengal,India,2025-04-13
381,Vikas,Kapoor,Lucknow,Uttar Pradesh,India,2024-05-25
382,Manish,Agarwal,Amritsar,Punjab,India,2024-05-24
383,Priya,Mehta,New Delhi,Delhi,India,2023-09-04
384,Riya,Sharma,Chennai,Tamil Nadu,India,2023-10-16
385,Nikita,Singh,Gurgaon,Haryana,India,2025-05-17
386,Kavya,Gupta,Pune,Maharashtra,India,2025-01-14
387,Arjun,Patel,Lucknow,Uttar Pradesh,India,2024-02-15
388,Ankit,Patel,New Delhi,Delhi,India,2023-03-17
389,Manish,Jain,Surat,Gujarat,India,2025-04-25
390,Sneha,Gupta,Kolkata,West Bengal,India,2024-02-08
391,Vikas,Jain,Noida,Uttar Pradesh,India,2025-02-12
392,Ankit,Bansal,Mysore,Karnataka,India,2024-05-27
393,Rahul,Sharma,New Delhi,Delhi,India,2024-12-31
394,Nikita,Jain,Noida,Uttar Pradesh,India,2023-06-02
395,Rohit,Patel,Kolkata,West Bengal,India,2023-06-16
396,Simran,Bansal,Surat,Gujarat,India,2024-06-03
397,Nikita,Saxena,Patna,Bihar,India,2024-05-01
398,Amit,Patel,Patna,Bihar,India,2024-11-20
399,Kavya,Bansal,Pune,Maharashtra,India,2025-03-26
400,Amit,Bansal,Bhubaneswar,Odisha,India,2023-09-29
401,Pooja,Saxena,Hyderabad,Telangana,India,2024-08-20
402,Neha,Jain,Faridabad,Haryana,India,2023-06-01
403,Pooja,Sharma,Patna,Bihar,India,2023-07-15
404,Manish,Patel,New Delhi,Delhi,India,2023-06-05
405,Ankit,Mehta,Surat,Gujarat,India,2025-06-12
406,Rahul,Saxena,Patna,Bihar,India,2024-06-15
407,Vikas,Chopra,Coimbatore,Tamil Nadu,India,2024-06-22
408,Vikas,Gupta,Surat,Gujarat,India,2024-06-29
409,Riya,Chopra,Noida,Uttar Pradesh,India,2024-09-16
410,Ankit,Kapoor,Faridabad,Haryana,India,2024-07-25
411,Pooja,Singh,Udaipur,Rajasthan,India,2024-12-22
412,Nikita,Patel,Coimbatore,Tamil Nadu,India,2023-12-24
413,Karan,Singh,Ludhiana,Punjab,India,2024-08-10
414,Arjun,Mehta,Hyderabad,Telangana,India,2025-03-02
415,Rohit,Singh,Indore,Madhya Pradesh,India,2023-10-22
416,Priya,Patel,Kochi,Kerala,India,2024-11-02
417,Nikita,Kapoor,Jaipur,Rajasthan,India,2025-04-27
418,Karan,Jain,Amritsar,Punjab,India,2023-05-21
419,Pooja,Kapoor,Mumbai,Maharashtra,India,2024-11-16
420,Pooja,Chopra,Bhubaneswar,Odisha,India,2023-02-23
421,Kavya,Patel,Nagpur,Maharashtra,India,2024-04-28
422,Rohit,Sharma,Nagpur,Maharashtra,India,2023-06-11
423,Nikita,Agarwal,Ahmedabad,Gujarat,India,2025-02-13
424,Vikas,Singh,Jaipur,Rajasthan,India,2025-02-26
425,Pooja,Jain,Nagpur,Maharashtra,India,2025-01-10
426,Rahul,Gupta,Patna,Bihar,India,2025-05-07
427,Rahul,Mehta,Mysore,Karnataka,India,2023-07-10
428,Simran,Sharma,Bhubaneswar,Odisha,India,2023-11-02
429,Sneha,Patel,Kolkata,West Bengal,India,2024-04-10
430,Nikita,Gupta,Hyderabad,Telangana,India,2023-10-07
431,Sneha,Patel,Chennai,Tamil Nadu,India,2025-01-18
432,Karan,Saxena,Gurgaon,Haryana,India,2023-01-15
433,Vikas,Singh,Kochi,Kerala,India,2023-06-29
434,Arjun,Mehta,Kolkata,West Bengal,India,2023-03-30
435,Sneha,Gupta,Ahmedabad,Gujarat,India,2024-05-03
436,Pooja,Sharma,Noida,Uttar Pradesh,India,2024-01-28
437,Manish,Singh,Coimbatore,Tamil Nadu,India,2023-11-06
438,Amit,Singh,Kolkata,West Bengal,India,2024-12-10
439,Rahul,Chopra,Chennai,Tamil Nadu,India,2024-04-21
440,Neha,Mehta,Udaipur,Rajasthan,India,2024-12-07
441,Simran,Patel,Nagpur,Maharashtra,India,2023-08-15
442,Rohit,Agarwal,Chennai,Tamil Nadu,India,2024-04-10
443,Riya,Mehta,Kochi,Kerala,India,2025-02-14
444,Ankit,Kapoor,Ludhiana,Punjab,India,2024-06-22
445,Riya,Verma,Gurgaon,Haryana,India,2023-03-05
446,Ankit,Bansal,Patna,Bihar,India,2023-06-18
447,Manish,Verma,Lucknow,Uttar Pradesh,India,2025-01-04
448,Nikita,Verma,Kolkata,West Bengal,India,2025-04-08
449,Manish,Gupta,New Delhi,Delhi,India,2024-04-12
450,Rahul,Jain,Kolkata,West Bengal,India,2024-11-19
451,Simran,Saxena,Indore,Madhya Pradesh,India,2024-02-10
452,Amit,Saxena,Jaipur,Rajasthan,India,2024-08-15
453,Rahul,Mehta,Pune,Maharashtra,India,2024-12-18
454,Rahul,Verma,Pune,Maharashtra,India,2023-02-02
455,Kavya,Gupta,Jaipur,Rajasthan,India,2025-02-23
456,Kavya,Patel,Hyderabad,Telangana,India,2024-04-04
457,Arjun,Mehta,Patna,Bihar,India,2024-11-30
458,Rohit,Chopra,Hyderabad,Telangana,India,2023-05-02
459,Arjun,Jain,Bangalore,Karnataka,India,2025-01-15
460,Amit,Sharma,Coimbatore,Tamil Nadu,India,2024-04-19
461,Kavya,Jain,Hyderabad,Telangana,India,2025-04-23
462,Pooja,Agarwal,Coimbatore,Tamil Nadu,India,2023-06-08
463,Ankit,Saxena,Jaipur,Rajasthan,India,2023-02-02
464,Kavya,Bansal,Indore,Madhya Pradesh,India,2023-09-04
465,Priya,Verma,Chennai,Tamil Nadu,India,2024-04-02
466,Rahul,Kapoor,Kolkata,West Bengal,India,2024-02-16
467,Pooja,Jain,Gurgaon,Haryana,India,2025-02-11
468,Rahul,Gupta,Patna,Bihar,India,2023-08-28
469,Vikas,Bansal,Patna,Bihar,India,2023-08-31
470,Rohit,Chopra,Jaipur,Rajasthan,India,2024-02-28
471,Karan,Sharma,Jaipur,Rajasthan,India,2024-10-03
472,Kavya,Jain,Hyderabad,Telangana,India,2023-02-18
473,Arjun,Jain,Noida,Uttar Pradesh,India,2024-12-14
474,Kavya,Gupta,Surat,Gujarat,India,2024-01-21
475,Nikita,Kapoor,Bangalore,Karnataka,India,2023-11-04
476,Rohit,Agarwal,Patna,Bihar,India,2024-07-29
477,Kavya,Jain,Ahmedabad,Gujarat,India,2024-02-02
478,Karan,Kapoor,Coimbatore,Tamil Nadu,India,2024-10-24
479,Manish,Patel,Mumbai,Maharashtra,India,2024-07-02
480,Ankit,Sharma,Kochi,Kerala,India,2024-01-22
481,Rahul,Verma,Hyderabad,Telangana,India,2025-04-03
482,Ankit,Agarwal,Indore,Madhya Pradesh,India,2025-06-09
483,Vikas,Singh,Bhubaneswar,Odisha,India,2023-08-05
484,Ankit,Saxena,Bhubaneswar,Odisha,India,2025-02-03
485,Nikita,Kapoor,Indore,Madhya Pradesh,India,2024-02-11
486,Pooja,Jain,Bhubaneswar,Odisha,India,2025-03-05
487,Arjun,Agarwal,Udaipur,Rajasthan,India,2023-11-12
488,Riya,Jain,Udaipur,Rajasthan,India,2024-04-22
489,Nikita,Patel,Mumbai,Maharashtra,India,2024-01-15
490,Kavya,Sharma,Lucknow,Uttar Pradesh,India,2025-01-29
491,Amit,Singh,Mysore,Karnataka,India,2023-10-30
492,Ankit,Patel,Bangalore,Karnataka,India,2024-01-24
493,Pooja,Agarwal,Kolkata,West Bengal,India,2023-09-21
494,Nikita,Saxena,Indore,Madhya Pradesh,India,2024-04-16
495,Riya,Gupta,Bangalore,Karnataka,India,2025-01-07
496,Nikita,Gupta,Ludhiana,Punjab,India,2024-06-20
497,Priya,Chopra,New Delhi,Delhi,India,2025-02-21
498,Kavya,Gupta,New Delhi,Delhi,India,2023-03-11
499,Rohit,Sharma,Kochi,Kerala,India,2024-06-01
500,Riya,Sharma,Faridabad,Haryana,India,2024-11-06
501,Amit,Sharma,Faridabad,Haryana,India,2023-01-13
502,Karan,Jain,New Delhi,Delhi,India,2023-01-18
503,Kavya,Gupta,Ludhiana,Punjab,India,2023-04-09
504,Rohit,Kapoor,Ludhiana,Punjab,India,2024-09-26
505,Karan,Patel,Amritsar,Punjab,India,2025-03-25
506,Priya,Patel,Surat,Gujarat,India,2024-04-15
507,Pooja,Saxena,Kolkata,West Bengal,India,2023-11-04
508,Priya,Chopra,Hyderabad,Telangana,India,2023-04-06
509,Arjun,Mehta,Surat,Gujarat,India,2023-02-27
510,Amit,Saxena,Hyderabad,Telangana,India,2023-03-26
511,Kavya,Chopra,Faridabad,Haryana,India,2024-08-02
512,Sneha,Jain,Patna,Bihar,India,2023-08-24
513,Nikita,Singh,Chennai,Tamil Nadu,India,2023-03-18
514,Karan,Jain,Hyderabad,Telangana,India,2023-07-03
515,Vikas,Sharma,Bhubaneswar,Odisha,India,2024-08-24
516,Arjun,Verma,Mysore,Karnataka,India,2023-06-16
517,Pooja,Bansal,Kolkata,West Bengal,India,2024-11-24
518,Vikas,Mehta,Bhubaneswar,Odisha,India,2025-03-20
519,Priya,Jain,Kochi,Kerala,India,2023-02-24
520,Kavya,Kapoor,Mumbai,Maharashtra,India,2023-12-15
521,Arjun,Patel,Kolkata,West Bengal,India,2024-10-11
522,Manish,Agarwal,Jaipur,Rajasthan,India,2023-12-31
523,Arjun,Mehta,Ludhiana,Punjab,India,2024-11-27
524,Arjun,Verma,Kolkata,West Bengal,India,2025-03-28
525,Priya,Verma,Coimbatore,Tamil Nadu,India,2023-06-07
526,Rohit,Saxena,Surat,Gujarat,India,2023-11-21
527,Sneha,Verma,Lucknow,Uttar Pradesh,India,2023-11-12
528,Riya,Singh,Gurgaon,Haryana,India,2023-05-16
529,Neha,Mehta,Pune,Maharashtra,India,2024-07-24
530,Kavya,Verma,Ludhiana,Punjab,India,2023-04-02
531,Priya,Bansal,Noida,Uttar Pradesh,India,2025-06-03
532,Amit,Singh,Surat,Gujarat,India,2024-02-02
533,Priya,Saxena,Indore,Madhya Pradesh,India,2024-08-08
534,Neha,Chopra,Amritsar,Punjab,India,2023-06-23
535,Karan,Singh,Mysore,Karnataka,India,2024-05-19
536,Priya,Gupta,Mysore,Karnataka,India,2023-10-10
537,Simran,Agarwal,Ahmedabad,Gujarat,India,2024-01-05
538,Pooja,Saxena,Udaipur,Rajasthan,India,2024-08-31
539,Ankit,Agarwal,Kolkata,West Bengal,India,2023-05-19
540,Amit,Mehta,Udaipur,Rajasthan,India,2025-05-11
541,Arjun,Patel,Kolkata,West Bengal,India,2023-12-09
542,Rohit,Singh,Surat,Gujarat,India,2024-09-09
543,Ankit,Agarwal,Kochi,Kerala,India,2023-07-01
544,Vikas,Singh,Surat,Gujarat,India,2024-08-12
545,Pooja,Patel,Indore,Madhya Pradesh,India,2023-10-15
546,Arjun,Patel,Patna,Bihar,India,2024-07-31
547,Neha,Chopra,Chennai,Tamil Nadu,India,2025-01-14
548,Ankit,Agarwal,Faridabad,Haryana,India,2025-05-01
549,Priya,Mehta,Kochi,Kerala,India,2023-05-23
550,Simran,Kapoor,Hyderabad,Telangana,India,2024-11-05
551,Kavya,Mehta,Bangalore,Karnataka,India,2024-04-04
552,Nikita,Bansal,Kolkata,West Bengal,India,2024-07-01
553,Kavya,Jain,Ludhiana,Punjab,India,2025-03-20
554,Priya,Verma,Lucknow,Uttar Pradesh,India,2024-11-04
555,Riya,Gupta,Hyderabad,Telangana,India,2024-07-30
556,Arjun,Patel,Hyderabad,Telangana,India,2023-04-19
557,Sneha,Singh,New Delhi,Delhi,India,2024-06-06
558,Pooja,Agarwal,Kochi,Kerala,India,2024-02-05
559,Rohit,Patel,Gurgaon,Haryana,India,2024-05-09
560,Simran,Mehta,Mumbai,Maharashtra,India,2023-04-29
561,Rohit,Patel,Patna,Bihar,India,2023-12-18
562,Ankit,Jain,Faridabad,Haryana,India,2023-12-23
563,Sneha,Agarwal,Faridabad,Haryana,India,2023-11-23
564,Simran,Sharma,Nagpur,Maharashtra,India,2023-04-28
565,Vikas,Chopra,New Delhi,Delhi,India,2024-11-24
566,Neha,Saxena,Indore,Madhya Pradesh,India,2024-06-12
567,Neha,Patel,Mysore,Karnataka,India,2024-04-18
568,Arjun,Chopra,Chennai,Tamil Nadu,India,2023-07-10
569,Kavya,Mehta,Hyderabad,Telangana,India,2025-01-25
570,Ankit,Agarwal,Kolkata,West Bengal,India,2024-02-03
571,Ankit,Kapoor,New Delhi,Delhi,India,2025-02-09
572,Priya,Bansal,Kochi,Kerala,India,2025-03-29
573,Neha,Patel,Patna,Bihar,India,2023-07-21
574,Sneha,Singh,Faridabad,Haryana,India,2024-06-24
575,Vikas,Bansal,Hyderabad,Telangana,India,2024-09-17
576,Sneha,Patel,Surat,Gujarat,India,2025-05-15
577,Neha,Chopra,Faridabad,Haryana,India,2024-09-21
578,Priya,Chopra,Kolkata,West Bengal,India,2023-11-17
579,Pooja,Singh,Mumbai,Maharashtra,India,2023-07-07
580,Rohit,Jain,Noida,Uttar Pradesh,India,2024-03-04
581,Rohit,Bansal,Kolkata,West Bengal,India,2024-03-09
582,Nikita,Chopra,Bangalore,Karnataka,India,2024-07-22
583,Nikita,Singh,Bangalore,Karnataka,India,2023-07-11
584,Manish,Bansal,Lucknow,Uttar Pradesh,India,2025-06-05
585,Amit,Agarwal,Lucknow,Uttar Pradesh,India,2023-07-19
586,Arjun,Jain,Patna,Bihar,India,2024-02-23
587,Nikita,Mehta,Hyderabad,Telangana,India,2024-05-15
588,Priya,Bansal,Bangalore,Karnataka,India,2025-03-25
589,Pooja,Singh,Indore,Madhya Pradesh,India,2023-10-09
590,Simran,Gupta,Coimbatore,Tamil Nadu,India,2024-08-02
591,Nikita,Jain,Kochi,Kerala,India,2024-08-09
592,Karan,Jain,Pune,Maharashtra,India,2024-07-09
593,Rahul,Saxena,Patna,Bihar,India,2024-07-13
594,Kavya,Verma,Chennai,Tamil Nadu,India,2023-11-01
595,Rahul,Agarwal,Patna,Bihar,India,2023-12-23
596,Priya,Agarwal,Patna,Bihar,India,2025-03-05
597,Pooja,Kapoor,Indore,Madhya Pradesh,India,2025-05-31
598,Kavya,Gupta,Kochi,Kerala,India,2025-03-14
599,Ankit,Sharma,Coimbatore,Tamil Nadu,India,2024-06-29
600,Neha,Patel,Udaipur,Rajasthan,India,2023-10-24
601,Karan,Jain,Kolkata,West Bengal,India,2023-05-19
602,Kavya,Sharma,Indore,Madhya Pradesh,India,2025-06-06
603,Rohit,Saxena,Hyderabad,Telangana,India,2023-09-13
604,Vikas,Kapoor,Mysore,Karnataka,India,2024-05-16
605,Karan,Chopra,Mysore,Karnataka,India,2024-01-20
606,Priya,Chopra,Gurgaon,Haryana,India,2024-02-17
607,Karan,Saxena,Amritsar,Punjab,India,2024-04-10
608,Vikas,Bansal,Gurgaon,Haryana,India,2025-06-08
609,Priya,Saxena,Indore,Madhya Pradesh,India,2024-10-12
610,Riya,Verma,Hyderabad,Telangana,India,2023-08-12
611,Ankit,Agarwal,Surat,Gujarat,India,2023-11-27
612,Simran,Patel,Patna,Bihar,India,2024-08-02
613,Nikita,Patel,Patna,Bihar,India,2023-02-17
614,Manish,Sharma,Mumbai,Maharashtra,India,2025-05-28
615,Manish,Agarwal,Bangalore,Karnataka,India,2024-03-14
616,Rohit,Chopra,Coimbatore,Tamil Nadu,India,2023-06-12
617,Karan,Verma,Patna,Bihar,India,2023-09-14
618,Riya,Chopra,Nagpur,Maharashtra,India,2023-06-19
619,Arjun,Chopra,New Delhi,Delhi,India,2025-01-13
620,Pooja,Mehta,Kochi,Kerala,India,2024-12-21
621,Amit,Kapoor,Pune,Maharashtra,India,2023-03-21
622,Pooja,Jain,Mysore,Karnataka,India,2023-01-10
623,Vikas,Verma,New Delhi,Delhi,India,2024-12-11
624,Nikita,Verma,Bangalore,Karnataka,India,2024-01-28
625,Sneha,Verma,Pune,Maharashtra,India,2024-01-12
626,Simran,Gupta,Bhubaneswar,Odisha,India,2025-03-03
627,Rohit,Chopra,Patna,Bihar,India,2023-03-12
628,Amit,Bansal,Ludhiana,Punjab,India,2024-03-26
629,Ankit,Chopra,Lucknow,Uttar Pradesh,India,2024-02-26
630,Manish,Kapoor,Kolkata,West Bengal,India,2023-04-13
631,Sneha,Bansal,Mysore,Karnataka,India,2023-12-26
632,Vikas,Gupta,Ahmedabad,Gujarat,India,2023-10-11
633,Priya,Kapoor,Hyderabad,Telangana,India,2025-03-08
634,Amit,Chopra,Kochi,Kerala,India,2023-07-30
635,Ankit,Saxena,Amritsar,Punjab,India,2023-10-30
636,Rahul,Kapoor,Hyderabad,Telangana,India,2024-01-31
637,Pooja,Agarwal,Nagpur,Maharashtra,India,2024-08-31
638,Amit,Patel,Pune,Maharashtra,India,2023-05-16
639,Kavya,Patel,Ahmedabad,Gujarat,India,2025-02-20
640,Priya,Sharma,Gurgaon,Haryana,India,2023-01-15
641,Ankit,Sharma,Jaipur,Rajasthan,India,2025-03-19
642,Simran,Chopra,Surat,Gujarat,India,2024-03-09
643,Arjun,Verma,Kochi,Kerala,India,2023-10-12
644,Simran,Verma,Nagpur,Maharashtra,India,2023-07-28
645,Rohit,Jain,Indore,Madhya Pradesh,India,2024-02-05
646,Priya,Singh,Kolkata,West Bengal,India,2025-01-17
647,Pooja,Sharma,Patna,Bihar,India,2023-03-30
648,Kavya,Verma,Bhubaneswar,Odisha,India,2024-09-18
649,Rahul,Singh,Kolkata,West Bengal,India,2023-05-03
650,Rohit,Saxena,New Delhi,Delhi,India,2023-06-17
651,Riya,Jain,Faridabad,Haryana,India,2023-06-20
652,Rohit,Saxena,Noida,Uttar Pradesh,India,2025-01-20
653,Sneha,Sharma,Bhubaneswar,Odisha,India,2025-04-06
654,Karan,Jain,Ahmedabad,Gujarat,India,2023-09-27
655,Priya,Agarwal,Kochi,Kerala,India,2024-06-07
656,Rahul,Agarwal,Lucknow,Uttar Pradesh,India,2024-01-12
657,Karan,Verma,Bangalore,Karnataka,India,2023-08-22
658,Amit,Sharma,Kochi,Kerala,India,2023-09-08
659,Nikita,Patel,New Delhi,Delhi,India,2023-06-03
660,Rahul,Jain,Mysore,Karnataka,India,2023-08-18
661,Pooja,Mehta,Noida,Uttar Pradesh,India,2023-10-05
662,Priya,Bansal,Patna,Bihar,India,2023-05-03
663,Rahul,Gupta,Ludhiana,Punjab,India,2025-04-03
664,Rahul,Mehta,Ludhiana,Punjab,India,2025-06-17
665,Simran,Singh,Faridabad,Haryana,India,2023-03-30
666,Manish,Sharma,Amritsar,Punjab,India,2023-07-25
667,Simran,Saxena,Jaipur,Rajasthan,India,2024-04-20
668,Nikita,Kapoor,Lucknow,Uttar Pradesh,India,2023-06-04
669,Kavya,Sharma,New Delhi,Delhi,India,2024-07-08
670,Amit,Patel,Lucknow,Uttar Pradesh,India,2025-02-16
671,Arjun,Saxena,Hyderabad,Telangana,India,2023-04-17
672,Pooja,Mehta,Coimbatore,Tamil Nadu,India,2023-03-03
673,Karan,Verma,Bangalore,Karnataka,India,2023-08-26
674,Kavya,Saxena,Bhubaneswar,Odisha,India,2024-04-14
675,Priya,Bansal,Kochi,Kerala,India,2024-06-01
676,Arjun,Verma,Bangalore,Karnataka,India,2024-03-21
677,Rohit,Kapoor,Hyderabad,Telangana,India,2023-09-25
678,Vikas,Mehta,Patna,Bihar,India,2023-11-22
679,Karan,Kapoor,Gurgaon,Haryana,India,2023-07-27
680,Sneha,Gupta,Bangalore,Karnataka,India,2023-06-18
681,Manish,Patel,Faridabad,Haryana,India,2023-05-04
682,Riya,Kapoor,Amritsar,Punjab,India,2023-11-12
683,Karan,Verma,Gurgaon,Haryana,India,2023-06-11
684,Simran,Saxena,Indore,Madhya Pradesh,India,2023-08-09
685,Vikas,Gupta,Patna,Bihar,India,2024-12-29
686,Riya,Mehta,Chennai,Tamil Nadu,India,2024-11-24
687,Karan,Gupta,Jaipur,Rajasthan,India,2024-02-19
688,Manish,Jain,Patna,Bihar,India,2023-04-07
689,Sneha,Gupta,Gurgaon,Haryana,India,2023-01-13
690,Pooja,Gupta,New Delhi,Delhi,India,2025-04-23
691,Riya,Chopra,Ahmedabad,Gujarat,India,2024-08-19
692,Karan,Verma,Kolkata,West Bengal,India,2023-03-08
693,Manish,Gupta,Chennai,Tamil Nadu,India,2025-05-17
694,Vikas,Verma,Patna,Bihar,India,2024-04-17
695,Neha,Bansal,New Delhi,Delhi,India,2025-04-21
696,Arjun,Agarwal,Kochi,Kerala,India,2024-01-27
697,Kavya,Gupta,Hyderabad,Telangana,India,2023-08-08
698,Neha,Singh,Bhubaneswar,Odisha,India,2024-04-01
699,Rohit,Sharma,Bhubaneswar,Odisha,India,2024-10-24
700,Nikita,Mehta,Udaipur,Rajasthan,India,2023-03-04
701,Karan,Mehta,Mumbai,Maharashtra,India,2024-03-05
702,Pooja,Chopra,Chennai,Tamil Nadu,India,2024-01-27
703,Riya,Agarwal,Indore,Madhya Pradesh,India,2023-12-19
704,Vikas,Mehta,Bhubaneswar,Odisha,India,2023-07-04
705,Vikas,Bansal,New Delhi,Delhi,India,2023-01-31
706,Karan,Sharma,Bhubaneswar,Odisha,India,2024-06-26
707,Pooja,Gupta,Lucknow,Uttar Pradesh,India,2023-09-11
708,Pooja,Singh,Hyderabad,Telangana,India,2025-02-21
709,Arjun,Patel,Chennai,Tamil Nadu,India,2023-06-30
710,Vikas,Saxena,Coimbatore,Tamil Nadu,India,2024-08-28
711,Riya,Bansal,New Delhi,Delhi,India,2024-07-30
712,Nikita,Jain,Coimbatore,Tamil Nadu,India,2023-06-29
713,Rahul,Verma,Gurgaon,Haryana,India,2023-08-27
714,Pooja,Sharma,Kolkata,West Bengal,India,2023-01-01
715,Ankit,Gupta,Noida,Uttar Pradesh,India,2025-01-04
716,Vikas,Sharma,Bangalore,Karnataka,India,2023-06-01
717,Rohit,Verma,Kolkata,West Bengal,India,2023-03-16
718,Arjun,Bansal,Lucknow,Uttar Pradesh,India,2023-12-11
719,Vikas,Gupta,Jaipur,Rajasthan,India,2025-01-19
720,Nikita,Chopra,Surat,Gujarat,India,2023-06-28
721,Riya,Kapoor,Kochi,Kerala,India,2024-01-23
722,Simran,Gupta,Jaipur,Rajasthan,India,2025-01-16
723,Arjun,Bansal,New Delhi,Delhi,India,2023-07-06
724,Vikas,Bansal,Kolkata,West Bengal,India,2024-10-16
725,Sneha,Agarwal,Kolkata,West Bengal,India,2023-12-06
726,Priya,Kapoor,Kochi,Kerala,India,2023-11-24
727,Priya,Saxena,Mysore,Karnataka,India,2024-04-02
728,Karan,Kapoor,New Delhi,Delhi,India,2024-12-10
729,Riya,Singh,Mumbai,Maharashtra,India,2025-01-07
730,Rahul,Mehta,New Delhi,Delhi,India,2025-01-20
731,Neha,Mehta,Surat,Gujarat,India,2024-01-23
732,Arjun,Verma,Noida,Uttar Pradesh,India,2025-03-18
733,Pooja,Gupta,Patna,Bihar,India,2023-03-17
734,Rahul,Singh,Indore,Madhya Pradesh,India,2023-11-23
735,Sneha,Verma,Udaipur,Rajasthan,India,2023-06-24
736,Arjun,Gupta,Bhubaneswar,Odisha,India,2024-07-14
737,Priya,Patel,Bhubaneswar,Odisha,India,2024-12-22
738,Kavya,Chopra,New Delhi,Delhi,India,2024-09-13
739,Kavya,Gupta,Bhubaneswar,Odisha,India,2023-04-14
740,Ankit,Kapoor,Noida,Uttar Pradesh,India,2024-12-14
741,Karan,Chopra,Amritsar,Punjab,India,2023-11-01
742,Sneha,Sharma,Coimbatore,Tamil Nadu,India,2024-08-08
743,Nikita,Gupta,Ludhiana,Punjab,India,2024-01-05
744,Kavya,Verma,New Delhi,Delhi,India,2025-04-23
745,Nikita,Kapoor,Hyderabad,Telangana,India,2023-01-27
746,Neha,Chopra,Coimbatore,Tamil Nadu,India,2023-03-25
747,Sneha,Singh,Faridabad,Haryana,India,2024-04-27
748,Karan,Verma,Faridabad,Haryana,India,2023-07-09
749,Arjun,Patel,Lucknow,Uttar Pradesh,India,2024-04-01
750,Karan,Agarwal,New Delhi,Delhi,India,2023-09-27
751,Karan,Bansal,Chennai,Tamil Nadu,India,2023-06-04
752,Sneha,Verma,Indore,Madhya Pradesh,India,2025-04-07
753,Kavya,Bansal,Ludhiana,Punjab,India,2024-07-20
754,Arjun,Jain,New Delhi,Delhi,India,2024-07-02
755,Nikita,Bansal,Hyderabad,Telangana,India,2024-05-02
756,Priya,Mehta,Jaipur,Rajasthan,India,2024-05-29
757,Rohit,Verma,Kolkata,West Bengal,India,2023-06-27
758,Ankit,Kapoor,Bangalore,Karnataka,India,2023-02-13
759,Priya,Chopra,Surat,Gujarat,India,2023-07-26
760,Rohit,Bansal,Patna,Bihar,India,2023-11-24
761,Priya,Verma,Bhubaneswar,Odisha,India,2024-07-23
762,Vikas,Singh,Surat,Gujarat,India,2025-06-13
763,Kavya,Verma,New Delhi,Delhi,India,2023-06-03
764,Sneha,Verma,Bangalore,Karnataka,India,2025-03-15
765,Riya,Mehta,Udaipur,Rajasthan,India,2024-01-28
766,Nikita,Bansal,Hyderabad,Telangana,India,2023-02-08
767,Karan,Mehta,Bangalore,Karnataka,India,2024-09-25
768,Arjun,Sharma,Kolkata,West Bengal,India,2025-06-19
769,Pooja,Sharma,Noida,Uttar Pradesh,India,2023-10-03
770,Riya,Sharma,Bhubaneswar,Odisha,India,2025-04-17
771,Simran,Singh,Indore,Madhya Pradesh,India,2025-05-13
772,Sneha,Kapoor,Gurgaon,Haryana,India,2023-11-04
773,Manish,Patel,Kochi,Kerala,India,2025-01-16
774,Priya,Kapoor,Surat,Gujarat,India,2023-08-05
775,Kavya,Saxena,Bhubaneswar,Odisha,India,2025-02-16
776,Riya,Sharma,Ludhiana,Punjab,India,2023-03-09
777,Arjun,Gupta,Jaipur,Rajasthan,India,2023-06-27
778,Ankit,Sharma,Chennai,Tamil Nadu,India,2023-02-03
779,Rahul,Patel,Gurgaon,Haryana,India,2023-10-08
780,Manish,Jain,Noida,Uttar Pradesh,India,2024-10-12
781,Sneha,Chopra,Bhubaneswar,Odisha,India,2023-09-05
782,Nikita,Bansal,Noida,Uttar Pradesh,India,2023-07-01
783,Nikita,Bansal,Patna,Bihar,India,2023-12-19
784,Karan,Saxena,Bangalore,Karnataka,India,2023-10-19
785,Arjun,Sharma,New Delhi,Delhi,India,2025-05-24
786,Ankit,Kapoor,Kolkata,West Bengal,India,2024-11-24
787,Karan,Chopra,Coimbatore,Tamil Nadu,India,2024-06-09
788,Amit,Agarwal,New Delhi,Delhi,India,2024-10-24
789,Amit,Kapoor,Mysore,Karnataka,India,2024-09-14
790,Simran,Saxena,Indore,Madhya Pradesh,India,2024-03-09
791,Arjun,Patel,Bhubaneswar,Odisha,India,2023-09-16
792,Manish,Singh,Coimbatore,Tamil Nadu,India,2024-08-21
793,Amit,Jain,Nagpur,Maharashtra,India,2025-05-13
794,Riya,Jain,Patna,Bihar,India,2023-11-02
795,Sneha,Agarwal,Hyderabad,Telangana,India,2023-12-11
796,Vikas,Singh,Udaipur,Rajasthan,India,2024-11-02
797,Simran,Kapoor,Kochi,Kerala,India,2024-06-13
798,Pooja,Sharma,Indore,Madhya Pradesh,India,2024-11-07
799,Rohit,Saxena,Lucknow,Uttar Pradesh,India,2024-11-02
800,Simran,Singh,Faridabad,Haryana,India,2024-02-19
801,Rahul,Bansal,Ahmedabad,Gujarat,India,2023-12-18
802,Pooja,Chopra,Kochi,Kerala,India,2024-11-18
803,Simran,Gupta,Lucknow,Uttar Pradesh,India,2023-10-28
804,Nikita,Gupta,Nagpur,Maharashtra,India,2023-09-22
805,Neha,Chopra,Kochi,Kerala,India,2024-11-01
806,Pooja,Patel,Mumbai,Maharashtra,India,2025-02-01
807,Simran,Mehta,Patna,Bihar,India,2024-01-16
808,Simran,Agarwal,Jaipur,Rajasthan,India,2024-04-26
809,Priya,Agarwal,New Delhi,Delhi,India,2024-05-27
810,Arjun,Jain,Pune,Maharashtra,India,2024-02-28
811,Rohit,Gupta,New Delhi,Delhi,India,2023-12-17
812,Manish,Gupta,Surat,Gujarat,India,2025-06-02
813,Neha,Verma,Kochi,Kerala,India,2023-12-07
814,Neha,Patel,Hyderabad,Telangana,India,2023-01-05
815,Karan,Kapoor,Gurgaon,Haryana,India,2024-08-13
816,Neha,Agarwal,Indore,Madhya Pradesh,India,2023-05-13
817,Kavya,Chopra,Kolkata,West Bengal,India,2024-02-18
818,Nikita,Mehta,Ahmedabad,Gujarat,India,2023-02-08
819,Ankit,Saxena,Amritsar,Punjab,India,2023-01-15
820,Vikas,Jain,Bhubaneswar,Odisha,India,2023-01-19
821,Amit,Chopra,Hyderabad,Telangana,India,2023-08-20
822,Riya,Singh,Kochi,Kerala,India,2023-04-16
823,Simran,Gupta,Ahmedabad,Gujarat,India,2025-04-23
824,Simran,Singh,New Delhi,Delhi,India,2025-01-15
825,Vikas,Mehta,Ludhiana,Punjab,India,2023-12-17
826,Nikita,Patel,Bhubaneswar,Odisha,India,2023-06-18
827,Arjun,Sharma,Bhubaneswar,Odisha,India,2023-08-18
828,Rohit,Kapoor,Kochi,Kerala,India,2024-08-26
829,Neha,Verma,Amritsar,Punjab,India,2024-12-29
830,Rahul,Mehta,Hyderabad,Telangana,India,2025-02-28
831,Rahul,Bansal,Ludhiana,Punjab,India,2024-11-08
832,Amit,Sharma,Nagpur,Maharashtra,India,2023-04-29
833,Manish,Mehta,Ahmedabad,Gujarat,India,2024-07-14
834,Nikita,Saxena,Jaipur,Rajasthan,India,2023-07-30
835,Amit,Singh,Kochi,Kerala,India,2024-11-08
836,Karan,Bansal,Nagpur,Maharashtra,India,2024-12-18
837,Kavya,Verma,Bangalore,Karnataka,India,2023-10-17
838,Sneha,Agarwal,Mumbai,Maharashtra,India,2024-09-15
839,Karan,Jain,Chennai,Tamil Nadu,India,2024-01-02
840,Kavya,Singh,Kochi,Kerala,India,2023-02-10
841,Nikita,Kapoor,Amritsar,Punjab,India,2023-12-05
842,Amit,Sharma,Chennai,Tamil Nadu,India,2023-04-24
843,Nikita,Gupta,Patna,Bihar,India,2025-03-09
844,Priya,Saxena,Ludhiana,Punjab,India,2023-09-20
845,Pooja,Agarwal,Hyderabad,Telangana,India,2023-09-28
846,Rahul,Verma,Gurgaon,Haryana,India,2025-06-14
847,Simran,Patel,New Delhi,Delhi,India,2024-03-12
848,Sneha,Verma,Kochi,Kerala,India,2023-01-10
849,Rohit,Chopra,Patna,Bihar,India,2023-12-03
850,Manish,Bansal,Noida,Uttar Pradesh,India,2025-06-18
851,Priya,Patel,Kochi,Kerala,India,2023-07-07
852,Arjun,Mehta,Pune,Maharashtra,India,2023-10-06
853,Arjun,Saxena,Patna,Bihar,India,2025-03-30
854,Neha,Verma,Ahmedabad,Gujarat,India,2024-12-13
855,Rahul,Gupta,Kochi,Kerala,India,2024-03-02
856,Nikita,Bansal,Bhubaneswar,Odisha,India,2023-07-05
857,Arjun,Patel,Kolkata,West Bengal,India,2025-06-02
858,Rohit,Agarwal,Hyderabad,Telangana,India,2023-04-26
859,Kavya,Agarwal,Bhubaneswar,Odisha,India,2023-03-06
860,Vikas,Sharma,Jaipur,Rajasthan,India,2024-11-16
861,Vikas,Jain,Patna,Bihar,India,2024-03-19
862,Pooja,Agarwal,Hyderabad,Telangana,India,2024-11-10
863,Arjun,Gupta,Hyderabad,Telangana,India,2023-01-12
864,Neha,Jain,Hyderabad,Telangana,India,2025-05-22
865,Neha,Verma,Faridabad,Haryana,India,2023-11-25
866,Vikas,Singh,Chennai,Tamil Nadu,India,2024-06-03
867,Arjun,Mehta,Chennai,Tamil Nadu,India,2023-03-22
868,Manish,Bansal,Faridabad,Haryana,India,2023-04-01
869,Nikita,Agarwal,Patna,Bihar,India,2023-05-02
870,Amit,Verma,Faridabad,Haryana,India,2024-02-27
871,Amit,Verma,New Delhi,Delhi,India,2024-06-04
872,Ankit,Chopra,Amritsar,Punjab,India,2023-12-16
873,Rahul,Kapoor,Noida,Uttar Pradesh,India,2023-12-06
874,Nikita,Saxena,Amritsar,Punjab,India,2025-01-03
875,Sneha,Verma,Gurgaon,Haryana,India,2023-01-03
876,Riya,Chopra,Noida,Uttar Pradesh,India,2024-07-14
877,Riya,Saxena,Ludhiana,Punjab,India,2023-02-16
878,Neha,Agarwal,Bhubaneswar,Odisha,India,2025-04-21
879,Kavya,Verma,Kochi,Kerala,India,2024-09-17
880,Ankit,Verma,Coimbatore,Tamil Nadu,India,2023-08-09
881,Ankit,Saxena,Faridabad,Haryana,India,2023-04-21
882,Kavya,Sharma,Indore,Madhya Pradesh,India,2025-03-01
883,Manish,Agarwal,Bhubaneswar,Odisha,India,2024-05-25
884,Rahul,Jain,New Delhi,Delhi,India,2025-05-08
885,Nikita,Jain,Kolkata,West Bengal,India,2024-12-09
886,Neha,Saxena,Kolkata,West Bengal,India,2023-04-17
887,Vikas,Jain,Surat,Gujarat,India,2024-03-04
888,Pooja,Singh,Kolkata,West Bengal,India,2023-12-18
889,Manish,Gupta,Jaipur,Rajasthan,India,2024-02-27
890,Simran,Saxena,Kolkata,West Bengal,India,2024-12-29
891,Ankit,Kapoor,Kochi,Kerala,India,2024-10-01
892,Simran,Chopra,Kochi,Kerala,India,2024-11-19
893,Neha,Jain,Mysore,Karnataka,India,2024-12-28
894,Riya,Jain,Pune,Maharashtra,India,2024-08-19
895,Kavya,Chopra,Kolkata,West Bengal,India,2025-06-17
896,Kavya,Sharma,Patna,Bihar,India,2023-01-26
897,Rohit,Sharma,Ahmedabad,Gujarat,India,2023-07-24
898,Neha,Singh,Udaipur,Rajasthan,India,2023-05-30
899,Rahul,Saxena,Patna,Bihar,India,2023-07-28
900,Rahul,Patel,Indore,Madhya Pradesh,India,2023-04-15
901,Pooja,Saxena,Kolkata,West Bengal,India,2023-09-01
902,Simran,Saxena,Ludhiana,Punjab,India,2024-01-26
903,Kavya,Chopra,Surat,Gujarat,India,2024-07-19
904,Amit,Saxena,New Delhi,Delhi,India,2023-07-27
905,Manish,Kapoor,Kolkata,West Bengal,India,2025-02-12
906,Ankit,Saxena,Kolkata,West Bengal,India,2023-10-29
907,Neha,Chopra,Gurgaon,Haryana,India,2023-07-11
908,Sneha,Mehta,Bangalore,Karnataka,India,2024-03-14
909,Karan,Gupta,Jaipur,Rajasthan,India,2024-08-21
910,Karan,Sharma,Patna,Bihar,India,2024-04-22
911,Rohit,Sharma,Kochi,Kerala,India,2023-11-27
912,Rahul,Chopra,Kolkata,West Bengal,India,2024-05-17
913,Riya,Verma,Indore,Madhya Pradesh,India,2024-06-22
914,Neha,Jain,Chennai,Tamil Nadu,India,2025-03-16
915,Neha,Mehta,Amritsar,Punjab,India,2023-04-05
916,Pooja,Kapoor,Noida,Uttar Pradesh,India,2023-12-06
917,Simran,Kapoor,Noida,Uttar Pradesh,India,2024-07-28
918,Amit,Verma,Patna,Bihar,India,2024-04-01
919,Pooja,Sharma,Coimbatore,Tamil Nadu,India,2024-01-26
920,Sneha,Mehta,Bhubaneswar,Odisha,India,2024-07-07
921,Simran,Sharma,Kochi,Kerala,India,2024-06-10
922,Manish,Agarwal,Indore,Madhya Pradesh,India,2023-10-31
923,Ankit,Patel,Bhubaneswar,Odisha,India,2023-04-09
924,Amit,Chopra,Bangalore,Karnataka,India,2023-08-04
925,Ankit,Chopra,Hyderabad,Telangana,India,2025-05-05
926,Ankit,Jain,Nagpur,Maharashtra,India,2025-06-18
927,Kavya,Chopra,Kochi,Kerala,India,2025-02-03
928,Rohit,Sharma,Hyderabad,Telangana,India,2025-01-04
929,Rahul,Verma,Lucknow,Uttar Pradesh,India,2023-02-25
930,Karan,Jain,Bangalore,Karnataka,India,2024-08-11
931,Pooja,Singh,Patna,Bihar,India,2024-02-02
932,Arjun,Mehta,Faridabad,Haryana,India,2023-01-18
933,Sneha,Jain,Ahmedabad,Gujarat,India,2024-10-18
934,Priya,Saxena,Kochi,Kerala,India,2024-12-18
935,Priya,Patel,Patna,Bihar,India,2023-10-24
936,Simran,Bansal,Indore,Madhya Pradesh,India,2023-10-16
937,Manish,Mehta,Indore,Madhya Pradesh,India,2025-04-21
938,Amit,Agarwal,Hyderabad,Telangana,India,2024-06-30
939,Rohit,Saxena,Coimbatore,Tamil Nadu,India,2025-03-26
940,Simran,Chopra,Indore,Madhya Pradesh,India,2023-11-02
941,Riya,Sharma,Hyderabad,Telangana,India,2023-05-07
942,Amit,Bansal,New Delhi,Delhi,India,2024-07-04
943,Priya,Singh,Ludhiana,Punjab,India,2025-02-05
944,Riya,Kapoor,Kochi,Kerala,India,2024-10-23
945,Rohit,Gupta,Patna,Bihar,India,2023-08-15
946,Karan,Kapoor,Kolkata,West Bengal,India,2023-07-05
947,Rahul,Jain,Hyderabad,Telangana,India,2024-10-22
948,Priya,Singh,Ludhiana,Punjab,India,2023-09-14
949,Ankit,Saxena,Nagpur,Maharashtra,India,2024-05-13
950,Riya,Gupta,Lucknow,Uttar Pradesh,India,2023-04-13
951,Priya,Kapoor,Udaipur,Rajasthan,India,2024-05-12
952,Vikas,Bansal,Faridabad,Haryana,India,2024-12-11
953,Rohit,Bansal,Kolkata,West Bengal,India,2025-04-07
954,Kavya,Gupta,Lucknow,Uttar Pradesh,India,2023-11-17
955,Pooja,Saxena,Coimbatore,Tamil Nadu,India,2023-10-11
956,Riya,Gupta,Patna,Bihar,India,2025-06-17
957,Manish,Agarwal,Faridabad,Haryana,India,2025-03-04
958,Nikita,Jain,Jaipur,Rajasthan,India,2023-06-29
959,Priya,Singh,Hyderabad,Telangana,India,2024-07-05
960,Karan,Saxena,Chennai,Tamil Nadu,India,2025-01-14
961,Amit,Jain,Nagpur,Maharashtra,India,2023-02-01
962,Arjun,Bansal,Patna,Bihar,India,2023-02-07
963,Karan,Jain,Amritsar,Punjab,India,2024-10-31
964,Rohit,Patel,Indore,Madhya Pradesh,India,2023-08-17
965,Simran,Gupta,Bhubaneswar,Odisha,India,2024-05-28
966,Priya,Mehta,Amritsar,Punjab,India,2024-05-29
967,Pooja,Bansal,New Delhi,Delhi,India,2025-02-14
968,Rohit,Agarwal,Ludhiana,Punjab,India,2023-07-03
969,Rohit,Saxena,Kolkata,West Bengal,India,2024-01-03
970,Pooja,Agarwal,New Delhi,Delhi,India,2023-03-06
971,Riya,Kapoor,Jaipur,Rajasthan,India,2024-11-15
972,Riya,Mehta,Coimbatore,Tamil Nadu,India,2024-04-10
973,Rahul,Sharma,Bhubaneswar,Odisha,India,2023-04-16
974,Karan,Saxena,Kochi,Kerala,India,2024-08-15
975,Neha,Mehta,Amritsar,Punjab,India,2024-01-10
976,Priya,Jain,Kolkata,West Bengal,India,2024-01-21
977,Pooja,Jain,Bhubaneswar,Odisha,India,2023-12-28
978,Riya,Agarwal,Patna,Bihar,India,2024-09-10
979,Rohit,Agarwal,New Delhi,Delhi,India,2023-08-24
980,Karan,Kapoor,Mumbai,Maharashtra,India,2023-07-11
981,Riya,Bansal,Bangalore,Karnataka,India,2024-11-07
982,Kavya,Patel,Chennai,Tamil Nadu,India,2024-05-08
983,Nikita,Agarwal,Hyderabad,Telangana,India,2024-08-27
984,Kavya,Sharma,Bangalore,Karnataka,India,2023-02-14
985,Neha,Gupta,Bangalore,Karnataka,India,2024-08-09
986,Rahul,Gupta,Mysore,Karnataka,India,2023-07-04
987,Arjun,Bansal,Ludhiana,Punjab,India,2025-06-18
988,Simran,Verma,Kochi,Kerala,India,2024-04-04
989,Nikita,Agarwal,Kolkata,West Bengal,India,2023-08-13
990,Kavya,Bansal,Patna,Bihar,India,2025-03-24
991,Neha,Bansal,Kolkata,West Bengal,India,2023-06-21
992,Vikas,Agarwal,Kochi,Kerala,India,2023-08-24
993,Arjun,Gupta,Ahmedabad,Gujarat,India,2023-01-17
994,Kavya,Gupta,Chennai,Tamil Nadu,India,2023-07-01
995,Rahul,Jain,Gurgaon,Haryana,India,2023-04-06
996,Rohit,Bansal,Gurgaon,Haryana,India,2025-03-04
997,Kavya,Jain,Hyderabad,Telangana,India,2024-01-15
998,Rahul,Saxena,Patna,Bihar,India,2023-08-23
999,Nikita,Mehta,Indore,Madhya Pradesh,India,2024-08-26
1000,Sneha,Mehta,Indore,Madhya Pradesh,India,2023-09-18
1001,Pooja,Verma,Faridabad,Haryana,India,2024-09-04
1002,Kavya,Singh,Bhubaneswar,Odisha,India,2023-01-06
1003,Amit,Bansal,Kochi,Kerala,India,2024-06-16
1004,Arjun,Chopra,New Delhi,Delhi,India,2024-12-05
1005,Vikas,Mehta,Indore,Madhya Pradesh,India,2023-04-20
1006,Kavya,Chopra,Mysore,Karnataka,India,2023-09-25
1007,Kavya,Bansal,Patna,Bihar,India,2024-09-18
1008,Arjun,Kapoor,Udaipur,Rajasthan,India,2024-07-19
1009,Nikita,Gupta,Indore,Madhya Pradesh,India,2024-07-26
1010,Nikita,Singh,Amritsar,Punjab,India,2024-08-14
1011,Arjun,Saxena,Lucknow,Uttar Pradesh,India,2025-05-25
1012,Sneha,Saxena,Patna,Bihar,India,2024-04-02
1013,Neha,Verma,Indore,Madhya Pradesh,India,2024-06-04
1014,Vikas,Jain,Ahmedabad,Gujarat,India,2023-06-14
1015,Amit,Verma,Ahmedabad,Gujarat,India,2024-04-27
1016,Kavya,Verma,Bhubaneswar,Odisha,India,2023-09-27
1017,Riya,Verma,Chennai,Tamil Nadu,India,2025-01-11
1018,Arjun,Bansal,Surat,Gujarat,India,2024-12-29
1019,Rahul,Gupta,Kolkata,West Bengal,India,2024-03-25
1020,Ankit,Chopra,New Delhi,Delhi,India,2023-07-19
1021,Pooja,Bansal,New Delhi,Delhi,India,2024-11-21
1022,Riya,Kapoor,New Delhi,Delhi,India,2023-06-11
1023,Karan,Mehta,Pune,Maharashtra,India,2024-11-16
1024,Arjun,Bansal,Ahmedabad,Gujarat,India,2024-06-14
1025,Priya,Verma,New Delhi,Delhi,India,2025-01-13
1026,Riya,Patel,Patna,Bihar,India,2023-08-20
1027,Ankit,Agarwal,Kolkata,West Bengal,India,2024-08-11
1028,Karan,Gupta,New Delhi,Delhi,India,2024-06-02
1029,Priya,Jain,Pune,Maharashtra,India,2023-12-15
1030,Karan,Jain,Nagpur,Maharashtra,India,2023-09-14
1031,Manish,Mehta,Kochi,Kerala,India,2025-02-27
1032,Vikas,Agarwal,Coimbatore,Tamil Nadu,India,2024-08-23
1033,Amit,Agarwal,Patna,Bihar,India,2023-09-22
1034,Arjun,Chopra,Mumbai,Maharashtra,India,2024-11-24
1035,Pooja,Patel,Kochi,Kerala,India,2023-12-28
1036,Amit,Saxena,Amritsar,Punjab,India,2023-09-12
1037,Priya,Mehta,Udaipur,Rajasthan,India,2023-03-19
1038,Neha,Agarwal,Amritsar,Punjab,India,2023-12-29
1039,Karan,Gupta,Chennai,Tamil Nadu,India,2024-05-25
1040,Ankit,Kapoor,Kochi,Kerala,India,2025-06-12
1041,Ankit,Kapoor,Jaipur,Rajasthan,India,2025-05-04
1042,Riya,Gupta,Chennai,Tamil Nadu,India,2023-05-03
1043,Priya,Chopra,Bhubaneswar,Odisha,India,2024-09-20
1044,Rahul,Agarwal,New Delhi,Delhi,India,2024-09-27
1045,Nikita,Bansal,Noida,Uttar Pradesh,India,2024-05-17
1046,Karan,Mehta,Bangalore,Karnataka,India,2025-02-07
1047,Rohit,Sharma,Kolkata,West Bengal,India,2024-05-04
1048,Rahul,Jain,Amritsar,Punjab,India,2024-02-08
1049,Neha,Agarwal,Patna,Bihar,India,2024-12-16
1050,Manish,Patel,Ludhiana,Punjab,India,2023-01-13
1051,Ankit,Mehta,Hyderabad,Telangana,India,2023-11-30
1052,Karan,Gupta,Noida,Uttar Pradesh,India,2023-08-31
1053,Nikita,Bansal,Udaipur,Rajasthan,India,2024-01-10
1054,Nikita,Mehta,Bangalore,Karnataka,India,2024-03-05
1055,Riya,Patel,Kochi,Kerala,India,2023-10-14
1056,Neha,Bansal,Gurgaon,Haryana,India,2024-08-12
1057,Pooja,Verma,Hyderabad,Telangana,India,2025-04-03
1058,Kavya,Mehta,Chennai,Tamil Nadu,India,2023-05-30
1059,Rohit,Agarwal,Indore,Madhya Pradesh,India,2023-06-30
1060,Nikita,Gupta,Surat,Gujarat,India,2025-03-15
1061,Simran,Singh,Gurgaon,Haryana,India,2024-02-12
1062,Neha,Sharma,Mumbai,Maharashtra,India,2025-04-13
1063,Nikita,Chopra,Jaipur,Rajasthan,India,2024-04-05
1064,Vikas,Singh,Kochi,Kerala,India,2024-01-04
1065,Karan,Patel,Ludhiana,Punjab,India,2024-02-26
1066,Riya,Chopra,Nagpur,Maharashtra,India,2023-07-23
1067,Neha,Singh,Kolkata,West Bengal,India,2023-11-29
1068,Nikita,Saxena,Hyderabad,Telangana,India,2023-03-22
1069,Simran,Agarwal,Ahmedabad,Gujarat,India,2025-06-08
1070,Vikas,Mehta,Mysore,Karnataka,India,2025-05-19
1071,Priya,Verma,Bhubaneswar,Odisha,India,2023-12-18
1072,Vikas,Patel,Coimbatore,Tamil Nadu,India,2024-12-28
1073,Arjun,Singh,Udaipur,Rajasthan,India,2025-03-10
1074,Riya,Saxena,Patna,Bihar,India,2024-02-28
1075,Neha,Sharma,Bangalore,Karnataka,India,2025-01-15
1076,Karan,Saxena,Chennai,Tamil Nadu,India,2023-08-04
1077,Arjun,Verma,Bangalore,Karnataka,India,2023-03-07
1078,Nikita,Jain,Bhubaneswar,Odisha,India,2023-01-27
1079,Arjun,Jain,Indore,Madhya Pradesh,India,2023-04-17
1080,Rohit,Verma,Udaipur,Rajasthan,India,2023-11-13
1081,Pooja,Saxena,Coimbatore,Tamil Nadu,India,2024-03-29
1082,Rohit,Gupta,Hyderabad,Telangana,India,2023-01-30
1083,Riya,Patel,New Delhi,Delhi,India,2024-04-23
1084,Karan,Jain,Patna,Bihar,India,2023-05-19
1085,Neha,Bansal,Kochi,Kerala,India,2024-10-08
1086,Kavya,Jain,Kochi,Kerala,India,2023-12-22
1087,Pooja,Verma,Faridabad,Haryana,India,2023-11-12
1088,Kavya,Singh,Lucknow,Uttar Pradesh,India,2023-11-07
1089,Amit,Jain,New Delhi,Delhi,India,2023-12-19
1090,Nikita,Jain,Jaipur,Rajasthan,India,2024-12-05
1091,Nikita,Agarwal,Bhubaneswar,Odisha,India,2023-01-10
1092,Kavya,Singh,Indore,Madhya Pradesh,India,2025-03-26
1093,Riya,Kapoor,New Delhi,Delhi,India,2024-07-28
1094,Arjun,Kapoor,Ahmedabad,Gujarat,India,2025-01-02
1095,Arjun,Mehta,Kochi,Kerala,India,2023-09-27
1096,Kavya,Chopra,Mumbai,Maharashtra,India,2024-06-13
1097,Karan,Singh,Indore,Madhya Pradesh,India,2024-02-27
1098,Priya,Gupta,Chennai,Tamil Nadu,India,2023-10-24
1099,Manish,Bansal,Pune,Maharashtra,India,2023-10-06
1100,Nikita,Kapoor,Kochi,Kerala,India,2023-01-20
1101,Rahul,Jain,Bangalore,Karnataka,India,2023-07-10
1102,Simran,Singh,Mumbai,Maharashtra,India,2025-01-02
1103,Amit,Kapoor,Gurgaon,Haryana,India,2023-06-04
1104,Nikita,Kapoor,New Delhi,Delhi,India,2024-03-06
1105,Nikita,Patel,Udaipur,Rajasthan,India,2024-12-14
1106,Rahul,Patel,Indore,Madhya Pradesh,India,2025-05-13
1107,Rohit,Sharma,Indore,Madhya Pradesh,India,2025-03-05
1108,Priya,Jain,Surat,Gujarat,India,2023-07-05
1109,Karan,Mehta,Chennai,Tamil Nadu,India,2023-05-05
1110,Pooja,Mehta,Indore,Madhya Pradesh,India,2023-09-11
1111,Rahul,Kapoor,Kochi,Kerala,India,2025-01-22
1112,Sneha,Jain,Indore,Madhya Pradesh,India,2024-04-29
1113,Simran,Patel,Ahmedabad,Gujarat,India,2024-10-06
1114,Rahul,Saxena,Kochi,Kerala,India,2023-09-17
1115,Simran,Kapoor,Faridabad,Haryana,India,2023-02-23
1116,Ankit,Verma,Patna,Bihar,India,2024-10-10
1117,Vikas,Sharma,Ahmedabad,Gujarat,India,2025-03-24
1118,Sneha,Mehta,Jaipur,Rajasthan,India,2023-01-10
1119,Nikita,Saxena,New Delhi,Delhi,India,2024-01-16
1120,Priya,Kapoor,Indore,Madhya Pradesh,India,2024-05-26
1121,Vikas,Chopra,Mumbai,Maharashtra,India,2023-03-03
1122,Rohit,Saxena,Lucknow,Uttar Pradesh,India,2023-05-09
1123,Pooja,Patel,Faridabad,Haryana,India,2025-04-04
1124,Manish,Saxena,Bhubaneswar,Odisha,India,2023-01-22
1125,Arjun,Patel,Kochi,Kerala,India,2023-09-14
1126,Rahul,Agarwal,Bhubaneswar,Odisha,India,2024-07-26
1127,Nikita,Kapoor,Jaipur,Rajasthan,India,2024-07-10
1128,Vikas,Saxena,Noida,Uttar Pradesh,India,2023-10-09
1129,Neha,Verma,Patna,Bihar,India,2024-04-05
1130,Karan,Jain,Udaipur,Rajasthan,India,2024-04-09
1131,Arjun,Saxena,New Delhi,Delhi,India,2023-01-20
1132,Riya,Bansal,Kolkata,West Bengal,India,2023-11-25
1133,Priya,Chopra,Kochi,Kerala,India,2023-07-14
1134,Nikita,Jain,Ludhiana,Punjab,India,2024-09-19
1135,Vikas,Mehta,Udaipur,Rajasthan,India,2023-04-24
1136,Priya,Sharma,Mumbai,Maharashtra,India,2023-07-02
1137,Rahul,Kapoor,Patna,Bihar,India,2024-05-12
1138,Sneha,Sharma,Coimbatore,Tamil Nadu,India,2024-11-04
1139,Karan,Sharma,Faridabad,Haryana,India,2023-08-15
1140,Priya,Sharma,Kolkata,West Bengal,India,2024-11-02
1141,Priya,Agarwal,Gurgaon,Haryana,India,2024-01-05
1142,Kavya,Patel,Ludhiana,Punjab,India,2025-04-23
1143,Karan,Jain,Kolkata,West Bengal,India,2025-01-21
1144,Simran,Verma,Mumbai,Maharashtra,India,2024-06-15
1145,Sneha,Saxena,Mumbai,Maharashtra,India,2024-06-28
1146,Ankit,Kapoor,Ahmedabad,Gujarat,India,2024-08-06
1147,Neha,Jain,Hyderabad,Telangana,India,2025-02-03
1148,Riya,Chopra,Pune,Maharashtra,India,2024-12-20
1149,Kavya,Verma,Hyderabad,Telangana,India,2025-03-22
1150,Arjun,Jain,Mysore,Karnataka,India,2024-11-04
1151,Manish,Patel,Mysore,Karnataka,India,2024-07-17
1152,Riya,Mehta,Noida,Uttar Pradesh,India,2025-04-25
1153,Vikas,Bansal,Kochi,Kerala,India,2024-07-30
1154,Ankit,Mehta,Amritsar,Punjab,India,2024-01-04
1155,Manish,Mehta,Gurgaon,Haryana,India,2025-01-13
1156,Simran,Bansal,New Delhi,Delhi,India,2024-06-14
1157,Simran,Sharma,Mysore,Karnataka,India,2023-08-16
1158,Vikas,Sharma,Coimbatore,Tamil Nadu,India,2024-07-20
1159,Rohit,Verma,Ludhiana,Punjab,India,2024-04-16
1160,Rohit,Gupta,Noida,Uttar Pradesh,India,2024-01-11
1161,Pooja,Kapoor,Bhubaneswar,Odisha,India,2025-04-10
1162,Priya,Bansal,Udaipur,Rajasthan,India,2024-08-05
1163,Ankit,Saxena,Bhubaneswar,Odisha,India,2025-01-10
1164,Nikita,Gupta,Noida,Uttar Pradesh,India,2025-04-25
1165,Sneha,Bansal,Bhubaneswar,Odisha,India,2023-02-08
1166,Arjun,Verma,Kochi,Kerala,India,2025-02-28
1167,Riya,Mehta,Noida,Uttar Pradesh,India,2025-06-07
1168,Pooja,Saxena,Nagpur,Maharashtra,India,2025-05-19
1169,Amit,Chopra,Kolkata,West Bengal,India,2023-02-25
1170,Rahul,Patel,Jaipur,Rajasthan,India,2023-12-01
1171,Pooja,Gupta,Ludhiana,Punjab,India,2024-11-20
1172,Arjun,Agarwal,Kochi,Kerala,India,2023-08-16
1173,Simran,Mehta,Ahmedabad,Gujarat,India,2023-05-16
1174,Priya,Agarwal,Lucknow,Uttar Pradesh,India,2024-07-15
1175,Karan,Verma,Surat,Gujarat,India,2024-05-28
1176,Rohit,Gupta,Surat,Gujarat,India,2024-07-26
1177,Nikita,Mehta,Chennai,Tamil Nadu,India,2024-07-28
1178,Pooja,Kapoor,Kolkata,West Bengal,India,2023-09-30
1179,Kavya,Patel,Indore,Madhya Pradesh,India,2023-04-26
1180,Kavya,Mehta,Hyderabad,Telangana,India,2023-12-23
1181,Vikas,Patel,Chennai,Tamil Nadu,India,2025-02-27
1182,Neha,Patel,Udaipur,Rajasthan,India,2024-09-30
1183,Manish,Sharma,Bangalore,Karnataka,India,2023-07-24
1184,Riya,Gupta,Hyderabad,Telangana,India,2023-04-26
1185,Rahul,Kapoor,Kochi,Kerala,India,2025-06-08
1186,Simran,Sharma,Patna,Bihar,India,2024-12-11
1187,Sneha,Singh,Indore,Madhya Pradesh,India,2024-04-27
1188,Vikas,Kapoor,New Delhi,Delhi,India,2023-07-28
1189,Karan,Jain,Amritsar,Punjab,India,2024-09-29
1190,Rohit,Saxena,Kochi,Kerala,India,2024-01-21
1191,Rahul,Singh,Kolkata,West Bengal,India,2023-03-03
1192,Ankit,Saxena,Udaipur,Rajasthan,India,2023-02-24
1193,Amit,Verma,Faridabad,Haryana,India,2024-11-07
1194,Riya,Verma,Jaipur,Rajasthan,India,2023-10-27
1195,Arjun,Kapoor,Patna,Bihar,India,2024-06-04
1196,Sneha,Patel,Kochi,Kerala,India,2025-06-06
1197,Priya,Gupta,Kolkata,West Bengal,India,2024-05-27
1198,Amit,Sharma,Gurgaon,Haryana,India,2024-06-26
1199,Vikas,Agarwal,Udaipur,Rajasthan,India,2025-02-01
1200,Amit,Patel,Mysore,Karnataka,India,2023-12-30
1201,Simran,Kapoor,Hyderabad,Telangana,India,2025-04-11
1202,Karan,Mehta,New Delhi,Delhi,India,2024-07-22
1203,Pooja,Gupta,Udaipur,Rajasthan,India,2024-02-07
1204,Rohit,Verma,Hyderabad,Telangana,India,2024-06-17
1205,Pooja,Mehta,Hyderabad,Telangana,India,2024-08-09
1206,Kavya,Singh,Mysore,Karnataka,India,2024-04-04
1207,Rohit,Kapoor,Ludhiana,Punjab,India,2024-08-17
1208,Ankit,Gupta,Amritsar,Punjab,India,2024-12-06
1209,Rohit,Mehta,Kochi,Kerala,India,2024-11-02
1210,Neha,Patel,Bhubaneswar,Odisha,India,2024-07-24
1211,Sneha,Gupta,Amritsar,Punjab,India,2025-05-09
1212,Rohit,Saxena,Bhubaneswar,Odisha,India,2025-02-22
1213,Kavya,Mehta,Noida,Uttar Pradesh,India,2024-03-29
1214,Karan,Gupta,Kochi,Kerala,India,2023-04-20
1215,Neha,Sharma,Mysore,Karnataka,India,2024-09-12
1216,Pooja,Bansal,Kolkata,West Bengal,India,2023-08-25
1217,Amit,Patel,Hyderabad,Telangana,India,2024-12-05
1218,Nikita,Gupta,Indore,Madhya Pradesh,India,2024-12-30
1219,Riya,Gupta,Hyderabad,Telangana,India,2024-05-18
1220,Rohit,Gupta,Gurgaon,Haryana,India,2023-08-20
1221,Kavya,Sharma,New Delhi,Delhi,India,2024-02-27
1222,Ankit,Kapoor,Chennai,Tamil Nadu,India,2023-07-01
1223,Manish,Bansal,Bhubaneswar,Odisha,India,2024-12-05
1224,Manish,Kapoor,Noida,Uttar Pradesh,India,2024-02-19
1225,Rahul,Bansal,Indore,Madhya Pradesh,India,2025-01-07
1226,Arjun,Bansal,Lucknow,Uttar Pradesh,India,2024-06-17
1227,Manish,Agarwal,Mumbai,Maharashtra,India,2025-06-17
1228,Arjun,Saxena,Chennai,Tamil Nadu,India,2024-07-25
1229,Rahul,Kapoor,Surat,Gujarat,India,2024-03-26
1230,Simran,Singh,Surat,Gujarat,India,2023-06-20
1231,Simran,Bansal,Ahmedabad,Gujarat,India,2024-12-07
1232,Rohit,Agarwal,Amritsar,Punjab,India,2023-04-03
1233,Sneha,Gupta,Kochi,Kerala,India,2024-02-07
1234,Vikas,Agarwal,Ahmedabad,Gujarat,India,2023-07-03
1235,Ankit,Agarwal,Gurgaon,Haryana,India,2023-09-14
1236,Neha,Saxena,Lucknow,Uttar Pradesh,India,2023-04-04
1237,Manish,Chopra,Pune,Maharashtra,India,2023-03-29
1238,Arjun,Saxena,Ludhiana,Punjab,India,2024-01-23
1239,Arjun,Sharma,Ludhiana,Punjab,India,2023-12-10
1240,Rohit,Gupta,Kolkata,West Bengal,India,2023-07-03
1241,Rahul,Mehta,Indore,Madhya Pradesh,India,2023-11-13
1242,Manish,Singh,Kochi,Kerala,India,2023-05-01
1243,Rohit,Kapoor,Bhubaneswar,Odisha,India,2024-09-29
1244,Karan,Sharma,Indore,Madhya Pradesh,India,2024-05-24
1245,Nikita,Jain,Patna,Bihar,India,2024-09-14
1246,Nikita,Kapoor,Bhubaneswar,Odisha,India,2024-08-25
1247,Nikita,Agarwal,Hyderabad,Telangana,India,2024-03-28
1248,Amit,Kapoor,Nagpur,Maharashtra,India,2023-10-12
1249,Ankit,Sharma,Kolkata,West Bengal,India,2023-06-01
1250,Riya,Sharma,New Delhi,Delhi,India,2025-05-24
1251,Simran,Patel,New Delhi,Delhi,India,2023-02-20
1252,Kavya,Gupta,Mumbai,Maharashtra,India,2024-11-19
1253,Neha,Agarwal,Udaipur,Rajasthan,India,2023-02-06
1254,Simran,Patel,Pune,Maharashtra,India,2024-01-24
1255,Priya,Mehta,Patna,Bihar,India,2023-10-27
1256,Rohit,Verma,Faridabad,Haryana,India,2023-12-04
1257,Kavya,Jain,Ludhiana,Punjab,India,2024-12-13
1258,Rahul,Verma,Chennai,Tamil Nadu,India,2024-05-10
1259,Simran,Mehta,Kochi,Kerala,India,2023-09-23
1260,Riya,Gupta,Amritsar,Punjab,India,2024-06-16
1261,Nikita,Agarwal,Kochi,Kerala,India,2024-09-16
1262,Simran,Kapoor,Chennai,Tamil Nadu,India,2023-05-02
1263,Manish,Chopra,New Delhi,Delhi,India,2025-01-25
1264,Ankit,Bansal,Patna,Bihar,India,2024-02-28
1265,Vikas,Patel,New Delhi,Delhi,India,2023-01-12
1266,Ankit,Saxena,Hyderabad,Telangana,India,2023-09-18
1267,Priya,Singh,Indore,Madhya Pradesh,India,2024-06-02
1268,Vikas,Sharma,Ludhiana,Punjab,India,2024-12-03
1269,Vikas,Mehta,Lucknow,Uttar Pradesh,India,2025-05-02
1270,Ankit,Patel,Mysore,Karnataka,India,2024-11-19
1271,Nikita,Sharma,Gurgaon,Haryana,India,2024-05-08
1272,Manish,Jain,Mysore,Karnataka,India,2024-04-18
1273,Kavya,Saxena,Indore,Madhya Pradesh,India,2025-05-05
1274,Simran,Bansal,Amritsar,Punjab,India,2024-07-22
1275,Amit,Kapoor,Amritsar,Punjab,India,2025-03-29
1276,Riya,Verma,Bhubaneswar,Odisha,India,2023-10-15
1277,Amit,Patel,Patna,Bihar,India,2024-10-03
1278,Neha,Bansal,Amritsar,Punjab,India,2023-07-11
1279,Sneha,Singh,Kolkata,West Bengal,India,2024-12-27
1280,Karan,Mehta,New Delhi,Delhi,India,2024-05-23
1281,Pooja,Patel,Bhubaneswar,Odisha,India,2025-04-29
1282,Ankit,Jain,Udaipur,Rajasthan,India,2023-06-29
1283,Riya,Sharma,Mumbai,Maharashtra,India,2023-04-05
1284,Amit,Agarwal,Gurgaon,Haryana,India,2023-07-14
1285,Nikita,Saxena,Noida,Uttar Pradesh,India,2025-03-05
1286,Rohit,Verma,Lucknow,Uttar Pradesh,India,2023-07-30
1287,Rahul,Agarwal,Kochi,Kerala,India,2024-12-31
1288,Sneha,Sharma,Patna,Bihar,India,2023-02-15
1289,Priya,Patel,Hyderabad,Telangana,India,2023-02-17
1290,Simran,Sharma,Nagpur,Maharashtra,India,2025-02-15
1291,Ankit,Patel,Jaipur,Rajasthan,India,2023-07-17
1292,Karan,Jain,Udaipur,Rajasthan,India,2025-03-02
1293,Sneha,Singh,Gurgaon,Haryana,India,2023-06-11
1294,Sneha,Sharma,Jaipur,Rajasthan,India,2023-07-31
1295,Riya,Jain,Amritsar,Punjab,India,2023-10-05
1296,Simran,Bansal,Bangalore,Karnataka,India,2023-06-25
1297,Simran,Bansal,Pune,Maharashtra,India,2024-07-07
1298,Rahul,Gupta,Gurgaon,Haryana,India,2024-04-27
1299,Rahul,Verma,Bhubaneswar,Odisha,India,2023-02-25
1300,Kavya,Mehta,Mumbai,Maharashtra,India,2024-12-22
1301,Manish,Bansal,Kolkata,West Bengal,India,2023-11-16
1302,Ankit,Saxena,Lucknow,Uttar Pradesh,India,2025-02-12
1303,Manish,Bansal,Indore,Madhya Pradesh,India,2023-04-06
1304,Manish,Verma,Patna,Bihar,India,2023-11-14
1305,Manish,Agarwal,Hyderabad,Telangana,India,2023-08-18
1306,Karan,Patel,Mysore,Karnataka,India,2023-07-07
1307,Vikas,Patel,Kochi,Kerala,India,2024-05-14
1308,Priya,Agarwal,New Delhi,Delhi,India,2023-12-26
1309,Manish,Gupta,Faridabad,Haryana,India,2025-02-25
1310,Rohit,Jain,Lucknow,Uttar Pradesh,India,2024-02-20
1311,Sneha,Patel,Patna,Bihar,India,2025-03-22
1312,Manish,Mehta,Udaipur,Rajasthan,India,2023-09-02
1313,Pooja,Jain,Kolkata,West Bengal,India,2024-05-08
1314,Priya,Patel,Ahmedabad,Gujarat,India,2025-04-13
1315,Kavya,Mehta,Kochi,Kerala,India,2024-07-11
1316,Pooja,Gupta,Kochi,Kerala,India,2025-01-27
1317,Nikita,Verma,Bhubaneswar,Odisha,India,2023-11-30
1318,Sneha,Agarwal,Ludhiana,Punjab,India,2023-11-12
1319,Priya,Bansal,Ahmedabad,Gujarat,India,2024-12-02
1320,Arjun,Patel,Patna,Bihar,India,2024-10-22
1321,Rahul,Verma,Hyderabad,Telangana,India,2025-04-16
1322,Amit,Gupta,Bangalore,Karnataka,India,2024-04-08
1323,Simran,Mehta,Amritsar,Punjab,India,2023-07-20
1324,Vikas,Singh,Coimbatore,Tamil Nadu,India,2024-03-21
1325,Riya,Verma,Kochi,Kerala,India,2024-09-18
1326,Arjun,Gupta,Amritsar,Punjab,India,2023-03-05
1327,Rahul,Sharma,Noida,Uttar Pradesh,India,2023-04-23
1328,Simran,Sharma,Patna,Bihar,India,2024-03-18
1329,Arjun,Chopra,Kochi,Kerala,India,2024-12-29
1330,Arjun,Mehta,Surat,Gujarat,India,2024-07-12
1331,Neha,Agarwal,Chennai,Tamil Nadu,India,2023-07-12
1332,Arjun,Patel,Amritsar,Punjab,India,2023-06-07
1333,Rohit,Gupta,Jaipur,Rajasthan,India,2023-03-15
1334,Amit,Gupta,Hyderabad,Telangana,India,2024-11-04
1335,Rohit,Verma,Ahmedabad,Gujarat,India,2024-10-19
1336,Kavya,Agarwal,Indore,Madhya Pradesh,India,2024-09-30
1337,Manish,Jain,Mysore,Karnataka,India,2024-07-19
1338,Manish,Mehta,Patna,Bihar,India,2023-08-20
1339,Kavya,Bansal,Bangalore,Karnataka,India,2024-08-14
1340,Pooja,Saxena,Faridabad,Haryana,India,2024-02-25
1341,Riya,Sharma,Bhubaneswar,Odisha,India,2024-08-04
1342,Riya,Verma,Faridabad,Haryana,India,2024-12-08
1343,Rohit,Saxena,Nagpur,Maharashtra,India,2024-06-23
1344,Karan,Agarwal,Patna,Bihar,India,2024-06-19
1345,Priya,Kapoor,Bhubaneswar,Odisha,India,2024-10-07
1346,Priya,Chopra,Kochi,Kerala,India,2024-09-19
1347,Vikas,Jain,New Delhi,Delhi,India,2024-04-25
1348,Nikita,Bansal,Faridabad,Haryana,India,2024-03-07
1349,Simran,Singh,Lucknow,Uttar Pradesh,India,2023-02-06
1350,Simran,Saxena,Kochi,Kerala,India,2023-03-04
1351,Nikita,Bansal,Hyderabad,Telangana,India,2024-08-09
1352,Simran,Saxena,New Delhi,Delhi,India,2023-10-21
1353,Priya,Gupta,Gurgaon,Haryana,India,2025-05-21
1354,Karan,Singh,Indore,Madhya Pradesh,India,2024-09-22
1355,Karan,Singh,Jaipur,Rajasthan,India,2025-01-29
1356,Neha,Bansal,Nagpur,Maharashtra,India,2023-06-04
1357,Manish,Patel,Hyderabad,Telangana,India,2023-09-25
1358,Pooja,Agarwal,Indore,Madhya Pradesh,India,2025-03-29
1359,Rahul,Patel,Ludhiana,Punjab,India,2023-05-29
1360,Rohit,Agarwal,Kolkata,West Bengal,India,2025-02-27
1361,Pooja,Chopra,Surat,Gujarat,India,2025-01-13
1362,Neha,Kapoor,Hyderabad,Telangana,India,2023-02-25
1363,Karan,Verma,Hyderabad,Telangana,India,2023-06-21
1364,Arjun,Agarwal,Faridabad,Haryana,India,2024-05-02
1365,Pooja,Mehta,Kochi,Kerala,India,2024-04-30
1366,Rohit,Jain,Udaipur,Rajasthan,India,2023-01-13
1367,Manish,Mehta,Udaipur,Rajasthan,India,2024-06-26
1368,Rahul,Verma,Hyderabad,Telangana,India,2025-05-14
1369,Karan,Patel,Surat,Gujarat,India,2023-10-01
1370,Sneha,Singh,Indore,Madhya Pradesh,India,2024-04-17
1371,Pooja,Saxena,Indore,Madhya Pradesh,India,2024-06-16
1372,Neha,Patel,Lucknow,Uttar Pradesh,India,2024-11-19
1373,Priya,Sharma,New Delhi,Delhi,India,2023-04-11
1374,Sneha,Chopra,Amritsar,Punjab,India,2023-12-26
1375,Simran,Singh,Chennai,Tamil Nadu,India,2023-02-04
1376,Priya,Sharma,New Delhi,Delhi,India,2024-09-05
1377,Sneha,Saxena,Hyderabad,Telangana,India,2023-03-30
1378,Rohit,Mehta,Patna,Bihar,India,2023-04-24
1379,Neha,Singh,Kochi,Kerala,India,2024-04-23
1380,Priya,Chopra,Hyderabad,Telangana,India,2023-10-11
1381,Kavya,Saxena,Indore,Madhya Pradesh,India,2023-09-21
1382,Priya,Singh,Bangalore,Karnataka,India,2024-01-27
1383,Vikas,Sharma,Surat,Gujarat,India,2025-04-12
1384,Neha,Agarwal,Jaipur,Rajasthan,India,2024-05-18
1385,Ankit,Bansal,Bhubaneswar,Odisha,India,2023-07-02
1386,Nikita,Verma,Hyderabad,Telangana,India,2024-07-07
1387,Kavya,Kapoor,Indore,Madhya Pradesh,India,2024-03-28
1388,Karan,Verma,Kochi,Kerala,India,2023-03-16
1389,Karan,Agarwal,Mumbai,Maharashtra,India,2024-05-24
1390,Amit,Sharma,Mysore,Karnataka,India,2023-09-30
1391,Vikas,Mehta,Bangalore,Karnataka,India,2024-06-11
1392,Nikita,Agarwal,Kochi,Kerala,India,2024-02-18
1393,Priya,Jain,Patna,Bihar,India,2023-01-04
1394,Nikita,Verma,Surat,Gujarat,India,2023-12-08
1395,Simran,Mehta,Hyderabad,Telangana,India,2024-10-09
1396,Priya,Patel,Hyderabad,Telangana,India,2023-03-24
1397,Manish,Singh,Patna,Bihar,India,2023-06-30
1398,Rahul,Mehta,Ludhiana,Punjab,India,2023-11-03
1399,Arjun,Verma,Kochi,Kerala,India,2024-05-13
1400,Manish,Saxena,Mumbai,Maharashtra,India,2023-05-24
1401,Ankit,Sharma,New Delhi,Delhi,India,2024-05-15
1402,Priya,Jain,Surat,Gujarat,India,2024-05-26
1403,Manish,Sharma,Ludhiana,Punjab,India,2023-12-14
1404,Vikas,Saxena,New Delhi,Delhi,India,2024-02-20
1405,Ankit,Chopra,Nagpur,Maharashtra,India,2024-06-19
1406,Rohit,Saxena,Gurgaon,Haryana,India,2023-03-15
1407,Rohit,Agarwal,New Delhi,Delhi,India,2024-04-27
1408,Rahul,Kapoor,Bhubaneswar,Odisha,India,2023-01-15
1409,Rahul,Singh,Bangalore,Karnataka,India,2024-04-12
1410,Neha,Bansal,Kolkata,West Bengal,India,2025-04-17
1411,Sneha,Verma,Patna,Bihar,India,2024-09-01
1412,Pooja,Verma,Indore,Madhya Pradesh,India,2024-03-12
1413,Arjun,Patel,Lucknow,Uttar Pradesh,India,2024-12-01
1414,Rohit,Patel,Kolkata,West Bengal,India,2025-02-21
1415,Neha,Patel,New Delhi,Delhi,India,2023-05-04
1416,Rohit,Mehta,Jaipur,Rajasthan,India,2024-12-14
1417,Neha,Agarwal,Lucknow,Uttar Pradesh,India,2024-08-18
1418,Rohit,Verma,New Delhi,Delhi,India,2025-03-07
1419,Amit,Agarwal,Bangalore,Karnataka,India,2023-01-07
1420,Neha,Verma,New Delhi,Delhi,India,2024-03-02
1421,Nikita,Saxena,Kochi,Kerala,India,2023-07-31
1422,Karan,Jain,Mysore,Karnataka,India,2024-02-26
1423,Neha,Bansal,Chennai,Tamil Nadu,India,2024-09-02
1424,Nikita,Bansal,Bangalore,Karnataka,India,2024-10-04
1425,Simran,Patel,Patna,Bihar,India,2023-01-05
1426,Pooja,Kapoor,Ludhiana,Punjab,India,2024-06-26
1427,Riya,Jain,Nagpur,Maharashtra,India,2023-08-13
1428,Ankit,Singh,Gurgaon,Haryana,India,2023-07-18
1429,Rohit,Chopra,Pune,Maharashtra,India,2024-05-24
1430,Neha,Chopra,Bangalore,Karnataka,India,2023-02-25
1431,Riya,Singh,Hyderabad,Telangana,India,2024-03-21
1432,Vikas,Bansal,Udaipur,Rajasthan,India,2023-02-14
1433,Rahul,Jain,Mumbai,Maharashtra,India,2023-06-11
1434,Amit,Agarwal,Indore,Madhya Pradesh,India,2023-03-14
1435,Pooja,Saxena,Bhubaneswar,Odisha,India,2024-08-29
1436,Vikas,Mehta,Kolkata,West Bengal,India,2025-02-04
1437,Vikas,Kapoor,Hyderabad,Telangana,India,2023-11-30
1438,Sneha,Kapoor,Coimbatore,Tamil Nadu,India,2025-06-09
1439,Arjun,Kapoor,Chennai,Tamil Nadu,India,2024-04-27
1440,Nikita,Sharma,Kolkata,West Bengal,India,2023-05-29
1441,Manish,Gupta,Coimbatore,Tamil Nadu,India,2024-01-18
1442,Manish,Saxena,Bangalore,Karnataka,India,2024-10-09
1443,Karan,Kapoor,Noida,Uttar Pradesh,India,2023-05-11
1444,Rahul,Singh,New Delhi,Delhi,India,2023-04-24
1445,Manish,Agarwal,Patna,Bihar,India,2023-06-25
1446,Vikas,Kapoor,Indore,Madhya Pradesh,India,2024-09-10
1447,Neha,Bansal,Bangalore,Karnataka,India,2023-03-30
1448,Nikita,Kapoor,Surat,Gujarat,India,2025-05-07
1449,Karan,Sharma,Faridabad,Haryana,India,2025-01-23
1450,Pooja,Kapoor,Patna,Bihar,India,2024-03-20
1451,Pooja,Bansal,Kolkata,West Bengal,India,2024-08-10
1452,Amit,Mehta,Bhubaneswar,Odisha,India,2023-02-11
1453,Rahul,Mehta,Faridabad,Haryana,India,2024-05-05
1454,Sneha,Agarwal,Indore,Madhya Pradesh,India,2023-09-04
1455,Amit,Saxena,Nagpur,Maharashtra,India,2024-02-21
1456,Rohit,Patel,Coimbatore,Tamil Nadu,India,2023-09-02
1457,Priya,Sharma,Hyderabad,Telangana,India,2024-11-16
1458,Neha,Saxena,Udaipur,Rajasthan,India,2025-05-28
1459,Amit,Agarwal,Kolkata,West Bengal,India,2025-03-01
1460,Arjun,Gupta,Mysore,Karnataka,India,2024-10-03
1461,Amit,Chopra,Gurgaon,Haryana,India,2024-01-30
1462,Vikas,Jain,Bhubaneswar,Odisha,India,2023-10-31
1463,Karan,Saxena,Ahmedabad,Gujarat,India,2025-03-17
1464,Priya,Bansal,Hyderabad,Telangana,India,2025-01-23
1465,Rahul,Jain,Bhubaneswar,Odisha,India,2023-02-22
1466,Arjun,Patel,Pune,Maharashtra,India,2024-09-25
1467,Riya,Patel,New Delhi,Delhi,India,2024-10-25
1468,Priya,Jain,Ludhiana,Punjab,India,2023-05-22
1469,Pooja,Jain,Lucknow,Uttar Pradesh,India,2024-10-26
1470,Ankit,Saxena,Gurgaon,Haryana,India,2023-11-25
1471,Karan,Jain,Noida,Uttar Pradesh,India,2023-10-11
1472,Priya,Patel,New Delhi,Delhi,India,2024-04-08
1473,Sneha,Agarwal,Faridabad,Haryana,India,2024-04-07
1474,Riya,Chopra,Kolkata,West Bengal,India,2023-07-12
1475,Manish,Verma,Bhubaneswar,Odisha,India,2024-02-05
1476,Neha,Singh,Bhubaneswar,Odisha,India,2023-04-22
1477,Karan,Verma,Bangalore,Karnataka,India,2024-05-23
1478,Ankit,Jain,Bangalore,Karnataka,India,2023-10-28
1479,Rohit,Agarwal,Surat,Gujarat,India,2024-03-06
1480,Amit,Singh,Gurgaon,Haryana,India,2023-03-06
1481,Pooja,Jain,New Delhi,Delhi,India,2024-02-26
1482,Vikas,Chopra,Kolkata,West Bengal,India,2024-05-12
1483,Manish,Agarwal,Kolkata,West Bengal,India,2024-08-03
1484,Simran,Gupta,Mysore,Karnataka,India,2023-08-21
1485,Riya,Singh,Gurgaon,Haryana,India,2023-06-01
1486,Simran,Agarwal,Lucknow,Uttar Pradesh,India,2024-09-25
1487,Neha,Saxena,Bhubaneswar,Odisha,India,2023-07-06
1488,Rohit,Gupta,Bangalore,Karnataka,India,2023-04-30
1489,Vikas,Bansal,New Delhi,Delhi,India,2024-03-27
1490,Riya,Gupta,Jaipur,Rajasthan,India,2024-07-29
1491,Rahul,Chopra,Kochi,Kerala,India,2023-12-19
1492,Riya,Agarwal,Bangalore,Karnataka,India,2024-06-30
1493,Sneha,Sharma,Udaipur,Rajasthan,India,2024-05-26
1494,Rohit,Agarwal,Indore,Madhya Pradesh,India,2023-06-09
1495,Vikas,Chopra,New Delhi,Delhi,India,2024-04-30
1496,Simran,Bansal,Bhubaneswar,Odisha,India,2025-03-29
1497,Manish,Patel,Kolkata,West Bengal,India,2025-01-19
1498,Rahul,Gupta,Gurgaon,Haryana,India,2023-11-12
1499,Arjun,Bansal,New Delhi,Delhi,India,2024-04-01
1500,Priya,Patel,Lucknow,Uttar Pradesh,India,2024-09-14
